elapsed_s,fc_vx,fc_vy,odom_vx,odom_vy,filt_vx,filt_vy,filt_px,filt_py,odom_base_x,odom_base_y,odom_base_yaw,map_odom_x,map_odom_y,map_odom_yaw,amcl_x,amcl_y,amcl_yaw,amcl_delta,pos_gap_x,pos_gap_y,odom_drift_speed
0.21,0.0100,0.0000,0.0000,0.0000,0.0000,0.0000,0.0000,0.0000,0.0000,0.0000,-48.94,-0.0867,0.0459,22.27,0.0000,0.0000,0.00,0.000000,0.0000,0.0000,0.0000
0.41,0.0100,0.0000,0.0000,0.0000,0.0000,0.0000,0.0000,0.0000,0.0000,0.0000,-48.95,-0.0867,0.0459,22.27,0.0000,0.0000,0.00,0.000000,0.0000,0.0000,0.0000
0.61,0.0100,0.0000,0.0000,0.0000,0.0000,0.0000,0.0000,0.0000,0.0000,0.0000,-48.95,-0.0867,0.0459,22.27,0.0000,0.0000,0.00,0.000000,0.0000,0.0000,0.0000
0.81,0.0000,0.0000,0.0000,0.0000,0.0000,0.0000,0.0000,0.0000,0.0000,0.0000,-48.94,-0.0867,0.0459,22.27,0.0000,0.0000,0.00,0.000000,0.0000,0.0000,0.0000
1.01,0.0000,0.0000,0.0000,0.0000,0.0000,0.0000,0.0000,0.0000,0.0000,0.0000,-48.96,-0.0867,0.0459,22.27,0.0000,0.0000,0.00,0.000000,0.0000,0.0000,0.0000
1.21,0.0000,0.0000,0.0000,0.0000,0.0000,0.0000,0.0000,0.0000,0.0000,0.0000,-48.96,-0.0867,0.0459,22.27,0.0000,0.0000,0.00,0.000000,0.0000,0.0000,0.0000
1.42,0.0000,0.0000,0.0000,0.0000,0.0000,0.0000,0.0000,0.0000,0.0000,0.0000,-48.99,-0.0867,0.0459,22.27,0.0000,0.0000,0.00,0.000000,0.0000,0.0000,0.0000
1.62,0.0000,0.0000,0.0000,0.0000,0.0000,0.0000,0.0000,0.0000,0.0000,0.0000,-48.99,-0.0867,0.0459,22.27,0.0000,0.0000,0.00,0.000000,0.0000,0.0000,0.0000
1.82,0.0000,0.0000,0.0000,0.0000,0.0000,0.0000,0.0000,0.0000,0.0000,0.0000,-48.99,-0.0867,0.0459,22.27,0.0000,0.0000,0.00,0.000000,0.0000,0.0000,0.0000
2.03,0.0000,0.0000,0.0000,0.0000,0.0000,0.0000,0.0000,0.0000,0.0000,0.0000,-48.99,-0.0867,0.0459,22.27,0.0000,0.0000,0.00,0.000000,0.0000,0.0000,0.0000
2.23,0.0000,0.0000,0.0000,0.0000,0.0000,0.0000,0.0000,0.0000,0.0000,0.0000,-49.00,-0.0867,0.0459,22.27,0.0000,0.0000,0.00,0.000000,0.0000,0.0000,0.0000
2.43,0.0000,0.0000,0.0000,0.0000,0.0000,0.0000,0.0000,0.0000,0.0000,0.0000,-49.01,-0.0867,0.0459,22.27,0.0000,0.0000,0.00,0.000000,0.0000,0.0000,0.0000
2.64,0.0000,0.0000,0.0000,0.0000,0.0000,0.0000,0.0000,0.0000,0.0000,0.0000,-49.00,-0.0867,0.0459,22.27,0.0000,0.0000,0.00,0.000000,0.0000,0.0000,0.0000
2.84,0.0000,0.0000,0.0000,0.0000,0.0000,0.0000,0.0000,0.0000,0.0000,0.0000,-49.02,-0.0867,0.0459,22.27,0.0000,0.0000,0.00,0.000000,0.0000,0.0000,0.0000
3.04,0.0000,0.0000,0.0000,0.0000,0.0000,0.0000,0.0000,0.0000,0.0000,0.0000,-49.02,-0.0867,0.0459,22.27,0.0000,0.0000,0.00,0.000000,0.0000,0.0000,0.0000
3.24,0.0000,0.0000,0.0000,0.0000,0.0000,0.0000,0.0000,0.0000,0.0000,0.0000,-49.02,-0.0867,0.0459,22.27,0.0000,0.0000,0.00,0.000000,0.0000,0.0000,0.0000
3.44,0.0000,0.0000,0.0000,0.0000,0.0000,0.0000,0.0000,0.0000,0.0000,0.0000,-49.02,-0.0867,0.0459,22.27,0.0000,0.0000,0.00,0.000000,0.0000,0.0000,0.0000
3.64,0.0000,0.0000,0.0000,0.0000,0.0000,0.0000,0.0000,0.0000,0.0000,0.0000,-49.02,-0.0867,0.0459,22.27,0.0000,0.0000,0.00,0.000000,0.0000,0.0000,0.0000
3.84,0.0000,0.0000,0.0000,0.0000,0.0000,0.0000,0.0000,0.0000,0.0000,0.0000,-49.02,-0.0867,0.0459,22.27,0.0000,0.0000,0.00,0.000000,0.0000,0.0000,0.0000
4.05,0.0000,0.0000,0.0000,0.0000,0.0000,0.0000,0.0000,0.0000,0.0000,0.0000,-49.03,-0.0867,0.0459,22.27,0.0000,0.0000,0.00,0.000000,0.0000,0.0000,0.0000
4.25,0.0000,0.0000,0.0000,0.0000,0.0000,0.0000,0.0000,0.0000,0.0000,0.0000,-49.03,-0.0867,0.0459,22.27,0.0000,0.0000,0.00,0.000000,0.0000,0.0000,0.0000
4.45,0.0000,0.0000,0.0000,0.0000,0.0000,0.0000,0.0000,0.0000,0.0000,0.0000,-49.03,-0.0867,0.0459,22.27,0.0000,0.0000,0.00,0.000000,0.0000,0.0000,0.0000
4.66,0.0000,0.0000,0.0000,0.0000,0.0000,0.0000,0.0000,0.0000,0.0000,0.0000,-49.03,-0.0867,0.0459,22.27,0.0000,0.0000,0.00,0.000000,0.0000,0.0000,0.0000
4.86,0.0000,0.0000,0.0000,0.0000,0.0000,0.0000,0.0000,0.0000,0.0000,0.0000,-49.04,-0.0867,0.0459,22.27,0.0000,0.0000,0.00,0.000000,0.0000,0.0000,0.0000
5.06,0.0000,0.0000,0.0000,0.0000,0.0000,0.0000,0.0000,0.0000,0.0000,0.0000,-49.04,-0.0867,0.0459,22.27,0.0000,0.0000,0.00,0.000000,0.0000,0.0000,0.0000
5.27,0.0000,0.0000,0.0000,0.0000,0.0000,0.0000,0.0000,0.0000,0.0000,0.0000,-49.04,-0.0867,0.0459,22.27,0.0000,0.0000,0.00,0.000000,0.0000,0.0000,0.0000
5.47,0.0000,0.0000,0.0000,0.0000,0.0000,0.0000,0.0000,0.0000,0.0000,0.0000,-49.05,-0.0867,0.0459,22.27,0.0000,0.0000,0.00,0.000000,0.0000,0.0000,0.0000
5.67,0.0000,0.0000,0.0000,0.0000,0.0000,0.0000,0.0000,0.0000,0.0000,0.0000,-49.05,-0.0867,0.0459,22.27,0.0000,0.0000,0.00,0.000000,0.0000,0.0000,0.0000
5.87,0.0000,0.0000,0.0000,0.0000,0.0000,0.0000,0.0000,0.0000,0.0000,0.0000,-49.05,-0.0867,0.0459,22.27,0.0000,0.0000,0.00,0.000000,0.0000,0.0000,0.0000
6.07,0.0000,0.0000,0.0000,0.0000,0.0000,0.0000,0.0000,0.0000,0.0000,0.0000,-49.05,-0.0867,0.0459,22.27,0.0000,0.0000,0.00,0.000000,0.0000,0.0000,0.0000
6.27,0.0000,0.0000,0.0000,0.0000,0.0000,0.0000,0.0000,0.0000,0.0000,0.0000,-49.05,-0.0867,0.0459,22.27,0.0000,0.0000,0.00,0.000000,0.0000,0.0000,0.0000
6.47,0.0000,0.0000,0.0000,0.0000,0.0000,0.0000,0.0000,0.0000,0.0000,0.0000,-49.05,-0.0867,0.0459,22.27,0.0000,0.0000,0.00,0.000000,0.0000,0.0000,0.0000
6.68,0.0000,0.0000,0.0000,0.0000,0.0000,0.0000,0.0000,0.0000,0.0000,0.0000,-49.06,-0.0867,0.0459,22.27,0.0000,0.0000,0.00,0.000000,0.0000,0.0000,0.0000
6.88,0.0000,0.0000,0.0000,0.0000,0.0000,0.0000,0.0000,0.0000,0.0000,0.0000,-49.07,-0.0867,0.0459,22.27,0.0000,0.0000,0.00,0.000000,0.0000,0.0000,0.0000
7.08,0.0000,0.0000,0.0000,0.0000,0.0000,0.0000,0.0000,0.0000,0.0000,0.0000,-49.08,-0.0867,0.0459,22.27,0.0000,0.0000,0.00,0.000000,0.0000,0.0000,0.0000
7.28,0.0000,0.0000,0.0000,0.0000,0.0000,0.0000,0.0000,0.0000,0.0000,0.0000,-49.09,-0.0867,0.0459,22.27,0.0000,0.0000,0.00,0.000000,0.0000,0.0000,0.0000
7.48,0.0000,0.0000,0.0000,0.0000,0.0000,0.0000,0.0000,0.0000,0.0000,0.0000,-49.09,-0.0867,0.0459,22.27,0.0000,0.0000,0.00,0.000000,0.0000,0.0000,0.0000
7.68,0.0000,0.0000,0.0000,0.0000,0.0000,0.0000,0.0000,0.0000,0.0000,0.0000,-49.10,-0.0867,0.0459,22.27,0.0000,0.0000,0.00,0.000000,0.0000,0.0000,0.0000
7.89,0.0000,0.0000,0.0000,0.0000,0.0000,0.0000,0.0000,0.0000,0.0000,0.0000,-49.10,-0.0867,0.0459,22.27,0.0000,0.0000,0.00,0.000000,0.0000,0.0000,0.0000
8.09,0.0000,0.0000,0.0000,0.0000,0.0000,0.0000,0.0000,0.0000,0.0000,0.0000,-49.10,-0.0867,0.0459,22.27,0.0000,0.0000,0.00,0.000000,0.0000,0.0000,0.0000
8.29,0.0000,0.0000,0.0000,0.0000,0.0000,0.0000,0.0000,0.0000,0.0000,0.0000,-49.10,-0.0867,0.0459,22.27,0.0000,0.0000,0.00,0.000000,0.0000,0.0000,0.0000
8.49,0.0000,0.0000,0.0000,0.0000,0.0000,0.0000,0.0000,0.0000,0.0000,0.0000,-49.12,-0.0867,0.0459,22.27,0.0000,0.0000,0.00,0.000000,0.0000,0.0000,0.0000
8.69,0.0000,0.0000,0.0000,0.0000,0.0000,0.0000,0.0000,0.0000,0.0000,0.0000,-49.12,-0.0867,0.0459,22.27,0.0000,0.0000,0.00,0.000000,0.0000,0.0000,0.0000
8.89,0.0000,0.0000,0.0000,0.0000,0.0000,0.0000,0.0000,0.0000,0.0000,0.0000,-49.12,-0.0867,0.0459,22.27,0.0000,0.0000,0.00,0.000000,0.0000,0.0000,0.0000
9.10,0.0000,0.0000,0.0000,0.0000,0.0000,0.0000,0.0000,0.0000,0.0000,0.0000,-49.12,-0.0867,0.0459,22.27,0.0000,0.0000,0.00,0.000000,0.0000,0.0000,0.0000
9.30,0.0000,0.0000,0.0000,0.0000,0.0000,0.0000,0.0000,0.0000,0.0000,0.0000,-49.12,-0.0867,0.0459,22.27,0.0000,0.0000,0.00,0.000000,0.0000,0.0000,0.0000
9.50,0.0000,0.0000,0.0000,0.0000,0.0000,0.0000,0.0000,0.0000,0.0000,0.0000,-49.13,-0.0867,0.0459,22.27,0.0000,0.0000,0.00,0.000000,0.0000,0.0000,0.0000
9.70,0.0000,0.0000,0.0000,0.0000,0.0000,0.0000,0.0000,0.0000,0.0000,0.0000,-49.14,-0.0867,0.0459,22.27,0.0000,0.0000,0.00,0.000000,0.0000,0.0000,0.0000
9.90,0.0000,0.0000,0.0000,0.0000,0.0000,0.0000,0.0000,0.0000,0.0000,0.0000,-49.15,-0.0867,0.0459,22.27,0.0000,0.0000,0.00,0.000000,0.0000,0.0000,0.0000
10.11,0.0100,0.0000,0.0000,0.0000,0.0000,0.0000,0.0000,0.0000,0.0000,0.0000,-49.14,-0.0867,0.0459,22.27,0.0000,0.0000,0.00,0.000000,0.0000,0.0000,0.0000
10.31,0.0100,0.0000,0.0000,0.0000,0.0000,0.0000,0.0000,0.0000,0.0000,0.0000,-49.15,-0.0867,0.0459,22.27,0.0000,0.0000,0.00,0.000000,0.0000,0.0000,0.0000
10.51,0.0100,0.0000,0.0000,0.0000,0.0000,0.0000,0.0000,0.0000,0.0000,0.0000,-49.15,-0.0867,0.0459,22.27,0.0000,0.0000,0.00,0.000000,0.0000,0.0000,0.0000
10.71,0.0100,0.0000,0.0000,0.0000,0.0000,0.0000,0.0000,0.0000,0.0000,0.0000,-49.15,-0.0867,0.0459,22.27,0.0000,0.0000,0.00,0.000000,0.0000,0.0000,0.0000
10.92,0.0000,0.0000,0.0000,0.0000,0.0000,0.0000,0.0000,0.0000,0.0000,0.0000,-49.16,-0.0867,0.0459,22.27,0.0000,0.0000,0.00,0.000000,0.0000,0.0000,0.0000
11.12,0.0000,0.0000,0.0000,0.0000,0.0000,0.0000,0.0000,0.0000,0.0000,0.0000,-49.16,-0.0867,0.0459,22.27,0.0000,0.0000,0.00,0.000000,0.0000,0.0000,0.0000
11.33,0.0000,0.0000,0.0000,0.0000,0.0000,0.0000,0.0000,0.0000,0.0000,0.0000,-49.17,-0.0867,0.0459,22.27,0.0000,0.0000,0.00,0.000000,0.0000,0.0000,0.0000
11.53,0.0000,0.0000,0.0000,0.0000,0.0000,0.0000,0.0000,0.0000,0.0000,0.0000,-49.18,-0.0867,0.0459,22.27,0.0000,0.0000,0.00,0.000000,0.0000,0.0000,0.0000
11.74,0.0000,0.0000,0.0000,0.0000,0.0000,0.0000,0.0000,0.0000,0.0000,0.0000,-49.17,-0.0867,0.0459,22.27,0.0000,0.0000,0.00,0.000000,0.0000,0.0000,0.0000
11.94,0.0000,0.0000,0.0000,0.0000,0.0000,0.0000,0.0000,0.0000,0.0000,0.0000,-49.17,-0.0867,0.0459,22.27,0.0000,0.0000,0.00,0.000000,0.0000,0.0000,0.0000
12.14,0.0000,0.0000,0.0000,0.0000,0.0000,0.0000,0.0000,0.0000,0.0000,0.0000,-49.17,-0.0867,0.0459,22.27,0.0000,0.0000,0.00,0.000000,0.0000,0.0000,0.0000
12.35,0.0000,0.0000,0.0000,0.0000,0.0000,0.0000,0.0000,0.0000,0.0000,0.0000,-49.18,-0.0867,0.0459,22.27,0.0000,0.0000,0.00,0.000000,0.0000,0.0000,0.0000
12.55,0.0000,0.0000,0.0000,0.0000,0.0000,0.0000,0.0000,0.0000,0.0000,0.0000,-49.18,-0.0867,0.0459,22.27,0.0000,0.0000,0.00,0.000000,0.0000,0.0000,0.0000
12.75,0.0000,0.0000,0.0000,0.0000,0.0000,0.0000,0.0000,0.0000,0.0000,0.0000,-49.18,-0.0867,0.0459,22.27,0.0000,0.0000,0.00,0.000000,0.0000,0.0000,0.0000
12.95,0.0000,0.0000,0.0000,0.0000,0.0000,0.0000,0.0000,0.0000,0.0000,0.0000,-49.18,-0.0867,0.0459,22.27,0.0000,0.0000,0.00,0.000000,0.0000,0.0000,0.0000
13.15,0.0000,0.0000,0.0000,0.0000,0.0000,0.0000,0.0000,0.0000,0.0000,0.0000,-49.20,-0.0867,0.0459,22.27,0.0000,0.0000,0.00,0.000000,0.0000,0.0000,0.0000
13.36,0.0000,0.0000,0.0000,0.0000,0.0000,0.0000,0.0000,0.0000,0.0000,0.0000,-49.20,-0.0867,0.0459,22.27,0.0000,0.0000,0.00,0.000000,0.0000,0.0000,0.0000
13.56,0.0000,0.0000,0.0000,0.0000,0.0000,0.0000,0.0000,0.0000,0.0000,0.0000,-49.20,-0.0867,0.0459,22.27,0.0000,0.0000,0.00,0.000000,0.0000,0.0000,0.0000
13.76,0.0000,0.0000,0.0000,0.0000,0.0000,0.0000,0.0000,0.0000,0.0000,0.0000,-49.20,-0.0867,0.0459,22.27,0.0000,0.0000,0.00,0.000000,0.0000,0.0000,0.0000
13.96,0.0000,0.0000,0.0000,0.0000,0.0000,0.0000,0.0000,0.0000,0.0000,0.0000,-49.18,-0.0867,0.0459,22.27,0.0000,0.0000,0.00,0.000000,0.0000,0.0000,0.0000
14.16,0.0000,0.0100,0.0000,0.0000,0.0000,0.0000,0.0000,0.0000,0.0000,0.0000,-49.23,-0.0867,0.0459,22.27,0.0000,0.0000,0.00,0.000000,0.0000,0.0000,0.0000
14.37,0.0000,0.0000,0.0000,0.0000,0.0000,0.0000,0.0000,0.0000,0.0000,0.0000,-49.23,-0.0867,0.0459,22.27,0.0000,0.0000,0.00,0.000000,0.0000,0.0000,0.0000
14.57,-0.0200,0.0000,-0.0200,0.0000,0.0000,0.0000,0.0000,0.0000,0.0000,0.0000,-49.19,-0.0867,0.0459,22.27,0.0000,0.0000,0.00,0.000000,0.0000,0.0000,0.0000
14.77,-0.0200,0.0100,-0.0200,0.0000,-0.0201,0.0000,-0.0050,0.0000,-0.0050,0.0000,-49.14,-0.0867,0.0459,22.27,0.0000,0.0000,0.00,0.000000,-0.0050,0.0000,0.0201
14.97,0.0000,0.0000,0.0000,0.0000,-0.0000,0.0000,-0.0067,0.0000,-0.0067,0.0000,-50.18,-0.1089,0.0712,23.13,-0.1151,0.0685,-26.94,0.166285,0.1084,-0.0685,0.0000
15.18,0.0200,0.0000,0.0200,0.0000,0.0200,0.0000,-0.0052,0.0000,-0.0056,0.0000,-50.09,-0.1089,0.0712,23.13,-0.1151,0.0685,-26.94,0.000000,0.1098,-0.0685,0.0200
15.38,0.0300,-0.0100,0.0300,0.0000,0.0300,0.0000,0.0003,0.0000,-0.0001,0.0000,-48.79,-0.1089,0.0712,23.13,-0.1151,0.0685,-26.94,0.000000,0.1153,-0.0685,0.0300
15.58,0.0000,-0.0200,0.0000,-0.0200,0.0000,-0.0200,0.0026,-0.0013,0.0026,-0.0013,-48.31,-0.0683,0.0740,23.33,-0.0673,0.0745,-25.30,0.202679,0.0699,-0.0758,0.0200
15.79,-0.0300,-0.0300,-0.0300,-0.0300,-0.0272,-0.0274,0.0014,-0.0060,0.0014,-0.0060,-48.42,-0.0683,0.0740,23.33,-0.0673,0.0745,-25.30,0.000000,0.0687,-0.0805,0.0386
15.99,-0.0600,-0.0100,-0.0600,0.0000,-0.0597,-0.0200,-0.0080,-0.0102,-0.0080,-0.0102,-47.55,-0.0683,0.0740,23.33,-0.0673,0.0745,-25.30,0.000000,0.0592,-0.0847,0.0000
16.19,-0.0800,0.0000,-0.0800,0.0000,-0.0745,-0.0000,-0.0214,-0.0105,-0.0214,-0.0105,-47.78,-0.0683,0.0740,23.33,-0.0673,0.0745,-25.30,0.000000,0.0459,-0.0850,0.0000
16.39,-0.0700,0.0200,-0.0700,0.0200,-0.0711,-0.0000,-0.0369,-0.0105,-0.0369,-0.0105,-48.09,-0.0456,0.0779,23.64,-0.0640,0.0584,-24.24,0.112972,0.0270,-0.0690,0.0000
16.59,-0.0600,0.0200,-0.0600,0.0200,-0.0600,0.0200,-0.0504,-0.0073,-0.0504,-0.0073,-47.84,-0.0710,0.1448,22.80,-0.1099,0.1189,-25.01,0.354882,0.0595,-0.1263,0.0000
16.80,-0.0500,0.0100,-0.0500,0.0000,-0.0500,0.0021,-0.0619,-0.0038,-0.0611,-0.0038,-48.62,-0.0710,0.1448,22.80,-0.1099,0.1189,-25.01,0.000000,0.0480,-0.1227,0.0000
17.00,-0.0300,-0.0100,-0.0300,0.0000,-0.0303,0.0000,-0.0699,-0.0038,-0.0699,-0.0038,-49.26,-0.0690,0.1485,21.81,-0.1296,0.1202,-27.15,0.020646,0.0597,-0.1240,0.0000
17.20,-0.0200,-0.0100,-0.0200,0.0000,-0.0200,0.0000,-0.0749,-0.0038,-0.0749,-0.0038,-49.38,-0.0690,0.1485,21.81,-0.1296,0.1202,-27.15,0.000000,0.0547,-0.1240,0.0200
17.41,-0.0200,0.0000,-0.0200,0.0000,-0.0200,0.0000,-0.0791,-0.0038,-0.0791,-0.0038,-48.66,-0.0690,0.1485,21.81,-0.1296,0.1202,-27.15,0.000000,0.0505,-0.1240,0.0200
17.61,-0.0300,0.0000,-0.0300,0.0000,-0.0300,0.0000,-0.0834,-0.0038,-0.0834,-0.0038,-48.49,-0.0690,0.1485,21.81,-0.1296,0.1202,-27.15,0.000000,0.0462,-0.1240,0.0300
17.81,-0.0200,0.0000,-0.0200,0.0000,-0.0201,0.0000,-0.0891,-0.0038,-0.0891,-0.0038,-48.61,-0.0441,0.1539,21.43,-0.1236,0.1187,-27.10,0.125959,0.0345,-0.1225,0.0201
18.01,-0.0200,0.0000,-0.0200,0.0000,-0.0200,0.0000,-0.0931,-0.0038,-0.0931,-0.0038,-49.11,-0.0441,0.1539,21.43,-0.1236,0.1187,-27.10,0.000000,0.0306,-0.1225,0.0200
18.22,-0.0200,0.0000,-0.0200,0.0000,-0.0200,0.0000,-0.0975,-0.0038,-0.0971,-0.0038,-49.12,-0.0441,0.1539,21.43,-0.1236,0.1187,-27.10,0.000000,0.0262,-0.1225,0.0200
18.42,-0.0100,0.0000,0.0000,0.0000,-0.0020,0.0000,-0.1012,-0.0038,-0.1012,-0.0038,-49.54,-0.0441,0.1539,21.43,-0.1236,0.1187,-27.10,0.000000,0.0224,-0.1225,0.0020
18.62,-0.0100,-0.0100,0.0000,0.0000,-0.0000,0.0000,-0.1012,-0.0038,-0.1012,-0.0038,-49.88,-0.0303,0.1633,20.90,-0.1234,0.1237,-28.78,0.083482,0.0222,-0.1274,0.0000
18.82,-0.0200,0.0000,-0.0200,0.0000,-0.0180,0.0000,-0.1016,-0.0038,-0.1012,-0.0038,-50.00,-0.0303,0.1633,20.90,-0.1234,0.1237,-28.78,0.000000,0.0218,-0.1274,0.0180
19.02,-0.0100,0.0000,0.0000,0.0000,-0.0200,0.0000,-0.1057,-0.0038,-0.1052,-0.0038,-49.73,-0.0303,0.1633,20.90,-0.1234,0.1237,-28.78,0.000000,0.0177,-0.1274,0.0200
19.22,-0.0100,0.0000,0.0000,0.0000,-0.0000,0.0000,-0.1057,-0.0038,-0.1057,-0.0038,-49.73,-0.0303,0.1633,20.90,-0.1234,0.1237,-28.78,0.000000,0.0177,-0.1274,0.0000
19.42,-0.0100,0.0000,0.0000,0.0000,-0.0000,0.0000,-0.1057,-0.0038,-0.1057,-0.0038,-49.65,-0.0303,0.1633,20.90,-0.1234,0.1237,-28.78,0.000000,0.0177,-0.1274,0.0000
19.63,-0.0100,0.0000,0.0000,0.0000,-0.0000,0.0000,-0.1057,-0.0038,-0.1057,-0.0038,-49.65,-0.0303,0.1633,20.90,-0.1234,0.1237,-28.78,0.000000,0.0177,-0.1274,0.0000
19.83,0.0000,0.0000,0.0000,0.0000,-0.0000,0.0000,-0.1057,-0.0038,-0.1057,-0.0038,-49.67,-0.0303,0.1633,20.90,-0.1234,0.1237,-28.78,0.000000,0.0177,-0.1274,0.0000
20.03,0.0000,0.0000,0.0000,0.0000,-0.0000,0.0000,-0.1057,-0.0038,-0.1057,-0.0038,-49.86,-0.0303,0.1633,20.90,-0.1234,0.1237,-28.78,0.000000,0.0177,-0.1274,0.0000
20.23,-0.0100,0.0000,0.0000,0.0000,-0.0000,0.0000,-0.1057,-0.0038,-0.1057,-0.0038,-50.27,-0.0303,0.1633,20.90,-0.1234,0.1237,-28.78,0.000000,0.0177,-0.1274,0.0000
20.44,0.0000,0.0000,0.0000,0.0000,-0.0000,0.0000,-0.1057,-0.0038,-0.1057,-0.0038,-50.02,-0.0303,0.1633,20.90,-0.1234,0.1237,-28.78,0.000000,0.0177,-0.1274,0.0000
20.64,0.0000,0.0000,0.0000,0.0000,-0.0000,0.0000,-0.1057,-0.0038,-0.1057,-0.0038,-49.74,-0.0303,0.1633,20.90,-0.1234,0.1237,-28.78,0.000000,0.0177,-0.1274,0.0000
20.84,0.0000,0.0000,0.0000,0.0000,-0.0000,0.0000,-0.1057,-0.0038,-0.1057,-0.0038,-49.98,-0.0303,0.1633,20.90,-0.1234,0.1237,-28.78,0.000000,0.0177,-0.1274,0.0000
21.05,0.0000,0.0000,0.0000,0.0000,-0.0000,0.0000,-0.1057,-0.0038,-0.1057,-0.0038,-50.04,-0.0303,0.1633,20.90,-0.1234,0.1237,-28.78,0.000000,0.0177,-0.1274,0.0000
21.25,0.0000,0.0000,0.0000,0.0000,-0.0000,0.0000,-0.1057,-0.0038,-0.1057,-0.0038,-49.98,-0.0303,0.1633,20.90,-0.1234,0.1237,-28.78,0.000000,0.0177,-0.1274,0.0000
21.45,0.0000,0.0000,0.0000,0.0000,-0.0000,0.0000,-0.1057,-0.0038,-0.1057,-0.0038,-50.07,-0.0303,0.1633,20.90,-0.1234,0.1237,-28.78,0.000000,0.0177,-0.1274,0.0000
21.65,0.0000,0.0000,0.0000,0.0000,-0.0000,0.0000,-0.1057,-0.0038,-0.1057,-0.0038,-49.89,-0.0303,0.1633,20.90,-0.1234,0.1237,-28.78,0.000000,0.0177,-0.1274,0.0000
21.86,-0.0100,0.0000,0.0000,0.0000,-0.0000,0.0000,-0.1057,-0.0038,-0.1057,-0.0038,-49.96,-0.0303,0.1633,20.90,-0.1234,0.1237,-28.78,0.000000,0.0177,-0.1274,0.0000
22.06,-0.0200,0.0000,-0.0200,0.0000,-0.0200,0.0000,-0.1067,-0.0038,-0.1067,-0.0038,-49.75,-0.0303,0.1633,20.90,-0.1234,0.1237,-28.78,0.000000,0.0167,-0.1274,0.0200
22.26,-0.0800,0.0000,-0.0800,0.0000,-0.0667,0.0000,-0.1153,-0.0038,-0.1153,-0.0038,-49.57,-0.0303,0.1633,20.90,-0.1234,0.1237,-28.78,0.000000,0.0081,-0.1274,0.0000
22.47,-0.1300,0.0000,-0.1300,0.0000,-0.1128,0.0000,-0.1330,-0.0038,-0.1330,-0.0038,-49.10,-0.0290,0.1763,21.72,-0.1465,0.1254,-27.44,0.062121,0.0135,-0.1291,0.0000
22.67,-0.1800,0.0300,-0.1800,0.0200,-0.1662,0.0000,-0.1638,-0.0038,-0.1638,-0.0038,-47.74,-0.0168,0.2072,21.98,-0.1569,0.1466,-26.07,0.165585,-0.0069,-0.1504,0.0000
22.87,-0.2200,0.0600,-0.2200,0.0600,-0.2122,0.0000,-0.2005,-0.0038,-0.2005,-0.0038,-47.96,-0.0549,0.2235,22.50,-0.2291,0.1472,-25.27,0.205946,0.0286,-0.1510,0.0000
23.07,-0.2400,0.0400,-0.2400,0.0400,-0.2282,0.0000,-0.2449,-0.0038,-0.2449,-0.0038,-49.53,-0.1018,0.2111,23.37,-0.3127,0.1159,-25.71,0.240265,0.0678,-0.1197,0.0000
23.27,-0.2700,0.0100,-0.2700,0.0000,-0.2555,0.0000,-0.2927,-0.0038,-0.2927,-0.0038,-49.34,-0.0994,0.2167,24.45,-0.3517,0.0979,-24.98,0.030671,0.0591,-0.1016,0.0000
23.48,-0.2600,0.0100,-0.2600,0.0000,-0.2648,0.0000,-0.3507,-0.0038,-0.3472,-0.0038,-48.43,-0.1832,0.2240,25.80,-0.4798,0.0764,-22.92,0.414196,0.1291,-0.0802,0.0000
23.68,-0.2100,0.0200,-0.2100,0.0200,-0.2277,0.0000,-0.4043,-0.0038,-0.3994,-0.0038,-47.01,-0.2767,0.2806,25.87,-0.6201,0.1099,-21.41,0.545985,0.2158,-0.1136,0.0000
23.88,-0.1800,0.0300,-0.1800,0.0300,-0.1830,0.0000,-0.4445,-0.0038,-0.4403,-0.0038,-47.37,-0.3115,0.3206,25.28,-0.6973,0.1342,-21.77,0.264734,0.2527,-0.1380,0.0000
24.08,-0.1600,0.0200,-0.1600,0.0200,-0.1606,0.0000,-0.4782,-0.0038,-0.4723,-0.0038,-47.73,-0.3176,0.3119,25.94,-0.7346,0.1048,-21.81,0.053070,0.2564,-0.1086,0.0000
24.28,-0.1400,0.0200,-0.1400,0.0200,-0.1425,0.0000,-0.5071,-0.0038,-0.5071,-0.0038,-48.45,-0.3524,0.3102,24.74,-0.8005,0.0995,-23.36,0.173352,0.2934,-0.1033,0.0000
24.48,-0.1100,0.0200,-0.1100,0.0200,-0.1197,0.0000,-0.5334,-0.0038,-0.5334,-0.0038,-48.25,-0.3764,0.3437,24.12,-0.8531,0.1261,-24.37,0.203521,0.3196,-0.1299,0.0000
24.68,-0.0600,0.0200,-0.0600,0.0200,-0.0732,0.0031,-0.5524,-0.0022,-0.5524,-0.0022,-47.77,-0.3859,0.3573,23.97,-0.8845,0.1324,-23.86,0.082794,0.3321,-0.1347,0.0000
24.89,-0.0300,0.0100,-0.0300,0.0000,-0.0318,0.0002,-0.5617,0.0004,-0.5617,0.0004,-48.08,-0.3859,0.3573,23.97,-0.8845,0.1324,-23.86,0.000000,0.3229,-0.1320,0.0000
25.09,-0.0100,0.0300,0.0000,0.0300,-0.0020,0.0200,-0.5661,0.0024,-0.5661,0.0024,-48.09,-0.3859,0.3573,23.97,-0.8845,0.1324,-23.86,0.000000,0.3185,-0.1301,0.0201
25.29,0.0000,0.0300,0.0000,0.0300,-0.0000,0.0300,-0.5661,0.0083,-0.5661,0.0083,-48.11,-0.3859,0.3573,23.97,-0.8845,0.1324,-23.86,0.000000,0.3185,-0.1242,0.0300
25.49,0.0000,0.0300,0.0000,0.0300,-0.0000,0.0300,-0.5661,0.0144,-0.5661,0.0144,-48.37,-0.3859,0.3573,23.97,-0.8845,0.1324,-23.86,0.000000,0.3185,-0.1180,0.0000
25.69,0.0000,0.0300,0.0000,0.0300,-0.0000,0.0300,-0.5661,0.0202,-0.5661,0.0202,-48.65,-0.4115,0.3705,23.69,-0.9371,0.1598,-24.83,0.143749,0.3710,-0.1396,0.0000
25.89,0.0000,0.0300,0.0000,0.0300,-0.0000,0.0300,-0.5661,0.0268,-0.5661,0.0262,-49.09,-0.4115,0.3705,23.69,-0.9371,0.1598,-24.83,0.000000,0.3710,-0.1330,0.0000
26.10,0.0000,0.0300,0.0000,0.0300,-0.0000,0.0300,-0.5661,0.0328,-0.5661,0.0324,-49.44,-0.4115,0.3705,23.69,-0.9371,0.1598,-24.83,0.000000,0.3710,-0.1269,0.0000
26.31,0.0000,0.0200,0.0000,0.0200,-0.0000,0.0210,-0.5661,0.0387,-0.5661,0.0387,-49.56,-0.4115,0.3705,23.69,-0.9371,0.1598,-24.83,0.000000,0.3710,-0.1211,0.0210
26.51,0.0000,0.0200,0.0000,0.0200,-0.0000,0.0200,-0.5661,0.0428,-0.5661,0.0428,-49.62,-0.4179,0.3748,23.79,-0.9516,0.1820,-25.77,0.038714,0.3855,-0.1393,0.0200
26.71,0.0000,0.0200,0.0000,0.0200,-0.0000,0.0200,-0.5661,0.0467,-0.5661,0.0467,-49.64,-0.4179,0.3748,23.79,-0.9516,0.1820,-25.77,0.000000,0.3855,-0.1353,0.0200
26.92,0.0100,0.0200,0.0000,0.0200,-0.0000,0.0200,-0.5661,0.0511,-0.5661,0.0508,-49.89,-0.4179,0.3748,23.79,-0.9516,0.1820,-25.77,0.000000,0.3855,-0.1309,0.0200
27.13,0.0100,0.0200,0.0000,0.0200,-0.0000,0.0200,-0.5661,0.0553,-0.5661,0.0553,-50.00,-0.4179,0.3748,23.79,-0.9516,0.1820,-25.77,0.000000,0.3855,-0.1268,0.0200
27.33,0.0100,0.0200,0.0000,0.0200,-0.0000,0.0200,-0.5661,0.0591,-0.5661,0.0591,-50.14,-0.4179,0.3748,23.79,-0.9516,0.1820,-25.77,0.000000,0.3855,-0.1229,0.0200
27.53,0.0100,0.0200,0.0000,0.0200,-0.0000,0.0200,-0.5661,0.0636,-0.5661,0.0631,-50.14,-0.3950,0.3673,23.89,-0.9372,0.1937,-26.25,0.119126,0.3711,-0.1301,0.0200
27.74,0.0100,0.0200,0.0000,0.0200,-0.0000,0.0200,-0.5661,0.0675,-0.5661,0.0671,-50.21,-0.3950,0.3673,23.89,-0.9372,0.1937,-26.25,0.000000,0.3711,-0.1262,0.0200
27.94,0.0000,0.0200,0.0000,0.0200,-0.0000,0.0297,-0.5661,0.0718,-0.5661,0.0718,-50.15,-0.3950,0.3673,23.89,-0.9372,0.1937,-26.25,0.000000,0.3711,-0.1219,0.0297
28.14,0.0000,0.0200,0.0000,0.0200,-0.0000,0.0200,-0.5661,0.0758,-0.5661,0.0758,-50.28,-0.3950,0.3673,23.89,-0.9372,0.1937,-26.25,0.000000,0.3711,-0.1179,0.0200
28.34,0.0000,0.0200,0.0000,0.0200,-0.0000,0.0200,-0.5661,0.0799,-0.5661,0.0799,-50.11,-0.3950,0.3673,23.89,-0.9372,0.1937,-26.25,0.000000,0.3711,-0.1137,0.0200
28.55,0.0000,0.0200,0.0000,0.0200,-0.0000,0.0200,-0.5661,0.0838,-0.5661,0.0838,-50.02,-0.3987,0.3805,23.63,-0.9498,0.2279,-26.41,0.065648,0.3837,-0.1441,0.0200
28.75,0.0000,0.0200,0.0000,0.0200,-0.0000,0.0200,-0.5661,0.0878,-0.5661,0.0878,-49.94,-0.3987,0.3805,23.63,-0.9498,0.2279,-26.41,0.000000,0.3837,-0.1401,0.0200
28.95,0.0200,0.0200,0.0200,0.0200,0.0168,0.0200,-0.5659,0.0918,-0.5659,0.0918,-49.93,-0.3987,0.3805,23.63,-0.9498,0.2279,-26.41,0.000000,0.3840,-0.1361,0.0261
29.15,0.0800,0.0300,0.0700,0.0300,0.0541,0.0200,-0.5593,0.0958,-0.5593,0.0958,-49.60,-0.3987,0.3805,23.63,-0.9498,0.2279,-26.41,0.000000,0.3905,-0.1321,0.0000
29.35,0.1300,0.0400,0.1300,0.0400,0.1121,0.0144,-0.5410,0.0996,-0.5410,0.0996,-49.54,-0.4187,0.3800,24.69,-0.9548,0.2427,-24.80,0.099285,0.4138,-0.1431,0.0000
29.55,0.2000,0.0200,0.2000,0.0200,0.1735,0.0001,-0.5126,0.1001,-0.5126,0.1001,-49.93,-0.4049,0.3716,25.25,-0.9160,0.2412,-24.63,0.079678,0.4034,-0.1411,0.0000
29.76,0.2600,0.0000,0.2600,0.0000,0.2329,0.0000,-0.4699,0.1001,-0.4699,0.1001,-50.51,-0.4097,0.3801,24.75,-0.8878,0.2699,-25.59,0.048263,0.4179,-0.1698,0.0000
29.96,0.2800,-0.0200,0.2800,-0.0200,0.2742,0.0000,-0.4145,0.1001,-0.4208,0.1001,-50.63,-0.3806,0.3798,26.03,-0.8124,0.2803,-24.63,0.143666,0.3979,-0.1802,0.0000
30.17,0.3000,-0.0200,0.3000,-0.0200,0.2988,0.0000,-0.3546,0.1001,-0.3546,0.1001,-49.48,-0.3393,0.3775,26.76,-0.7182,0.2986,-23.14,0.196843,0.3636,-0.1985,0.0000
30.37,0.2800,-0.0500,0.2800,-0.0500,0.2837,0.0000,-0.2992,0.1001,-0.2992,0.1001,-48.45,-0.3115,0.3591,27.02,-0.6369,0.3056,-21.67,0.165561,0.3377,-0.2055,0.0000
30.57,0.2300,-0.0700,0.2300,-0.0700,0.2440,0.0000,-0.2459,0.1001,-0.2459,0.1001,-47.09,-0.3550,0.3637,26.47,-0.6348,0.3362,-21.02,0.217116,0.3889,-0.2361,0.0000
30.77,0.1600,-0.0700,0.1700,-0.0700,0.1913,-0.0695,-0.2034,0.0918,-0.2034,0.0918,-46.99,-0.3390,0.3693,25.60,-0.5748,0.3628,-21.39,0.084622,0.3714,-0.2710,0.0000
30.97,0.0800,-0.0400,0.0800,-0.0400,0.1188,-0.0557,-0.1722,0.0787,-0.1722,0.0787,-46.81,-0.3383,0.3611,26.63,-0.5362,0.3540,-20.31,0.040731,0.3641,-0.2752,0.0000
31.17,0.0000,-0.0100,0.0000,0.0000,0.0020,-0.0002,-0.1609,0.0733,-0.1609,0.0733,-46.43,-0.3383,0.3611,26.63,-0.5362,0.3540,-20.31,0.000000,0.3754,-0.2807,0.0020
31.37,-0.0400,-0.0100,-0.0400,0.0000,-0.0374,-0.0000,-0.1638,0.0733,-0.1638,0.0733,-47.00,-0.3383,0.3611,26.63,-0.5362,0.3540,-20.31,0.000000,0.3725,-0.2807,0.0000
31.57,-0.0500,0.0000,-0.0500,0.0000,-0.0500,-0.0000,-0.1729,0.0733,-0.1729,0.0733,-47.03,-0.3383,0.3611,26.63,-0.5362,0.3540,-20.31,0.000000,0.3633,-0.2807,0.0000
31.78,-0.0400,0.0000,-0.0400,0.0000,-0.0400,-0.0000,-0.1822,0.0733,-0.1817,0.0733,-46.64,-0.3383,0.3611,26.63,-0.5362,0.3540,-20.31,0.000000,0.3541,-0.2807,0.0000
31.98,-0.0300,-0.0100,-0.0300,0.0000,-0.0300,-0.0001,-0.1893,0.0723,-0.1883,0.0723,-46.65,-0.3383,0.3611,26.63,-0.5362,0.3540,-20.31,0.000000,0.3470,-0.2817,0.0000
32.19,-0.0200,-0.0100,-0.0200,0.0000,-0.0300,-0.0035,-0.1948,0.0706,-0.1948,0.0706,-47.04,-0.3383,0.3611,26.63,-0.5362,0.3540,-20.31,0.000000,0.3414,-0.2833,0.0000
32.39,-0.0100,0.0000,0.0000,0.0000,-0.0002,-0.0000,-0.1981,0.0706,-0.1981,0.0706,-47.04,-0.3383,0.3611,26.63,-0.5362,0.3540,-20.31,0.000000,0.3382,-0.2833,0.0002
32.59,0.0000,-0.0100,0.0000,0.0000,-0.0000,-0.0000,-0.1981,0.0706,-0.1981,0.0706,-47.55,-0.3383,0.3611,26.63,-0.5362,0.3540,-20.31,0.000000,0.3382,-0.2833,0.0000
32.79,0.0000,0.0000,0.0000,0.0000,-0.0000,-0.0000,-0.1981,0.0706,-0.1981,0.0706,-47.46,-0.3383,0.3611,26.63,-0.5362,0.3540,-20.31,0.000000,0.3382,-0.2833,0.0000
33.00,0.0000,0.0000,0.0000,0.0000,-0.0000,-0.0000,-0.1981,0.0706,-0.1981,0.0706,-47.68,-0.3383,0.3611,26.63,-0.5362,0.3540,-20.31,0.000000,0.3382,-0.2833,0.0000
33.20,0.0000,0.0000,0.0000,0.0000,-0.0000,-0.0000,-0.1981,0.0706,-0.1981,0.0706,-47.78,-0.3383,0.3611,26.63,-0.5362,0.3540,-20.31,0.000000,0.3382,-0.2833,0.0000
33.40,0.0000,0.0000,0.0000,0.0000,-0.0000,-0.0000,-0.1981,0.0706,-0.1981,0.0706,-47.86,-0.3383,0.3611,26.63,-0.5362,0.3540,-20.31,0.000000,0.3382,-0.2833,0.0000
33.60,0.0000,0.0000,0.0000,0.0000,-0.0000,-0.0000,-0.1981,0.0706,-0.1981,0.0706,-48.26,-0.3383,0.3611,26.63,-0.5362,0.3540,-20.31,0.000000,0.3382,-0.2833,0.0000
33.81,0.0000,0.0100,0.0000,0.0000,-0.0000,-0.0000,-0.1981,0.0706,-0.1981,0.0706,-47.91,-0.3527,0.3624,26.57,-0.5614,0.3370,-21.71,0.070853,0.3633,-0.2663,0.0000
34.01,0.0000,0.0100,0.0000,0.0000,-0.0000,-0.0000,-0.1981,0.0706,-0.1981,0.0706,-48.04,-0.3527,0.3624,26.57,-0.5614,0.3370,-21.71,0.000000,0.3633,-0.2663,0.0000
34.21,0.0000,0.0100,0.0000,0.0000,-0.0000,-0.0000,-0.1981,0.0706,-0.1981,0.0706,-48.02,-0.3527,0.3624,26.57,-0.5614,0.3370,-21.71,0.000000,0.3633,-0.2663,0.0000
34.42,0.0000,0.0100,0.0000,0.0000,-0.0000,-0.0000,-0.1981,0.0706,-0.1981,0.0706,-47.92,-0.3527,0.3624,26.57,-0.5614,0.3370,-21.71,0.000000,0.3633,-0.2663,0.0000
34.62,0.0000,0.0100,0.0000,0.0000,-0.0000,-0.0000,-0.1981,0.0706,-0.1981,0.0706,-48.23,-0.3527,0.3624,26.57,-0.5614,0.3370,-21.71,0.000000,0.3633,-0.2663,0.0000
34.83,0.0000,0.0000,0.0000,0.0000,-0.0000,-0.0000,-0.1981,0.0706,-0.1981,0.0706,-48.30,-0.3527,0.3624,26.57,-0.5614,0.3370,-21.71,0.000000,0.3633,-0.2663,0.0000
35.03,0.0000,0.0000,0.0000,0.0000,-0.0000,-0.0000,-0.1981,0.0706,-0.1981,0.0706,-48.21,-0.3527,0.3624,26.57,-0.5614,0.3370,-21.71,0.000000,0.3633,-0.2663,0.0000
35.23,0.0000,0.0000,0.0000,0.0000,-0.0000,-0.0000,-0.1981,0.0706,-0.1981,0.0706,-48.24,-0.3527,0.3624,26.57,-0.5614,0.3370,-21.71,0.000000,0.3633,-0.2663,0.0000
35.43,-0.0100,0.0200,0.0000,0.0200,-0.0000,-0.0000,-0.1981,0.0706,-0.1981,0.0706,-47.93,-0.3527,0.3624,26.57,-0.5614,0.3370,-21.71,0.000000,0.3633,-0.2663,0.0000
35.64,-0.0100,0.0900,0.0000,0.0900,-0.0000,0.0730,-0.1981,0.0799,-0.1981,0.0780,-47.46,-0.3527,0.3624,26.57,-0.5614,0.3370,-21.71,0.000000,0.3633,-0.2571,0.0000
35.84,0.0000,0.1800,0.0000,0.1800,-0.0000,0.1508,-0.1981,0.1010,-0.1981,0.0991,-46.88,-0.3489,0.3677,26.39,-0.5636,0.3547,-20.68,0.032350,0.3655,-0.2537,0.0000
36.04,0.0000,0.2800,0.0000,0.2800,-0.0000,0.2475,-0.1981,0.1418,-0.1981,0.1380,-46.28,-0.3608,0.3827,25.81,-0.5880,0.3975,-21.04,0.095714,0.3899,-0.2557,0.0000
36.24,0.0000,0.3000,0.0000,0.3000,-0.0000,0.3051,-0.1981,0.1998,-0.1981,0.1998,-47.18,-0.3640,0.3657,26.31,-0.6247,0.4459,-20.67,0.086461,0.4266,-0.2460,0.0000
36.44,0.0000,0.2500,0.0000,0.2500,-0.0000,0.2625,-0.1981,0.2576,-0.1981,0.2576,-46.71,-0.3231,0.3517,27.55,-0.6118,0.4772,-19.40,0.214108,0.4137,-0.2196,0.0000
36.65,0.0200,0.2000,0.0000,0.2000,-0.0000,0.2206,-0.1981,0.3055,-0.1981,0.3055,-45.56,-0.2908,0.3334,27.34,-0.6018,0.5041,-18.53,0.176739,0.4037,-0.1987,0.0000
36.85,0.0300,0.1400,0.0300,0.1500,-0.0000,0.1648,-0.1981,0.3435,-0.1981,0.3435,-45.00,-0.3123,0.3396,27.68,-0.6342,0.5275,-17.63,0.111004,0.4362,-0.1841,0.0000
37.05,0.0200,0.0700,0.0200,0.0700,-0.0000,0.0936,-0.1981,0.3689,-0.1981,0.3689,-45.30,-0.3314,0.3453,27.78,-0.6703,0.5645,-17.20,0.099292,0.4723,-0.1956,0.0000
37.26,0.0100,0.0300,0.0000,0.0300,0.0006,0.0301,-0.1958,0.3795,-0.1958,0.3795,-45.52,-0.3674,0.3598,27.72,-0.7160,0.5986,-17.71,0.188182,0.5202,-0.2191,0.0000
37.46,0.0100,0.0300,0.0000,0.0300,0.0000,0.0300,-0.1958,0.3861,-0.1958,0.3855,-44.87,-0.3674,0.3598,27.72,-0.7160,0.5986,-17.71,0.000000,0.5202,-0.2125,0.0000
37.66,0.0100,0.0100,0.0000,0.0000,0.0000,0.0200,-0.1958,0.3912,-0.1958,0.3912,-45.38,-0.3674,0.3598,27.72,-0.7160,0.5986,-17.71,0.000000,0.5202,-0.2074,0.0200
37.87,0.0100,0.0000,0.0000,0.0000,0.0000,0.0000,-0.1958,0.3912,-0.1958,0.3912,-44.99,-0.3674,0.3598,27.72,-0.7160,0.5986,-17.71,0.000000,0.5202,-0.2073,0.0000
38.07,0.0000,-0.0100,0.0000,0.0000,0.0000,0.0000,-0.1958,0.3912,-0.1958,0.3912,-45.67,-0.3674,0.3598,27.72,-0.7160,0.5986,-17.71,0.000000,0.5202,-0.2073,0.0000
38.27,0.0000,-0.0100,0.0000,0.0000,0.0000,0.0000,-0.1958,0.3912,-0.1958,0.3912,-46.34,-0.3674,0.3598,27.72,-0.7160,0.5986,-17.71,0.000000,0.5202,-0.2073,0.0000
38.47,-0.0100,-0.0100,0.0000,0.0000,0.0000,0.0000,-0.1958,0.3912,-0.1958,0.3912,-46.76,-0.3606,0.3600,27.84,-0.7162,0.6146,-18.77,0.034057,0.5204,-0.2234,0.0000
38.68,-0.0100,-0.0100,0.0000,0.0000,0.0000,0.0000,-0.1958,0.3912,-0.1958,0.3912,-46.98,-0.3606,0.3600,27.84,-0.7162,0.6146,-18.77,0.000000,0.5204,-0.2234,0.0000
38.88,0.0000,-0.0100,0.0000,0.0000,0.0000,0.0000,-0.1958,0.3912,-0.1958,0.3912,-47.18,-0.3606,0.3600,27.84,-0.7162,0.6146,-18.77,0.000000,0.5204,-0.2234,0.0000
39.09,0.0000,-0.0100,0.0000,0.0000,0.0000,0.0000,-0.1958,0.3912,-0.1958,0.3912,-47.13,-0.3606,0.3600,27.84,-0.7162,0.6146,-18.77,0.000000,0.5204,-0.2234,0.0000
39.30,0.0100,-0.0100,0.0000,0.0000,0.0000,0.0000,-0.1958,0.3912,-0.1958,0.3912,-46.98,-0.3606,0.3600,27.84,-0.7162,0.6146,-18.77,0.000000,0.5204,-0.2234,0.0000
39.50,0.0100,-0.0100,0.0000,0.0000,0.0000,0.0000,-0.1958,0.3912,-0.1958,0.3912,-47.03,-0.3606,0.3600,27.84,-0.7162,0.6146,-18.77,0.000000,0.5204,-0.2234,0.0000
39.70,0.0200,-0.0100,0.0200,0.0000,0.0200,-0.0168,-0.1946,0.3909,-0.1946,0.3909,-47.25,-0.3606,0.3600,27.84,-0.7162,0.6146,-18.77,0.000000,0.5215,-0.2237,0.0261
39.90,0.0200,-0.0100,0.0200,0.0000,0.0200,-0.0000,-0.1906,0.3908,-0.1906,0.3908,-46.85,-0.3606,0.3600,27.84,-0.7162,0.6146,-18.77,0.000000,0.5256,-0.2238,0.0200
40.10,0.0200,-0.0100,0.0200,0.0000,0.0200,-0.0000,-0.1866,0.3908,-0.1866,0.3908,-46.94,-0.3606,0.3600,27.84,-0.7162,0.6146,-18.77,0.000000,0.5296,-0.2238,0.0200
40.30,0.0100,-0.0100,0.0000,0.0000,0.0000,-0.0000,-0.1850,0.3908,-0.1850,0.3908,-46.92,-0.3606,0.3600,27.84,-0.7162,0.6146,-18.77,0.000000,0.5312,-0.2238,0.0000
40.50,0.0100,0.0000,0.0000,0.0000,0.0000,-0.0000,-0.1850,0.3908,-0.1850,0.3908,-46.37,-0.3606,0.3600,27.84,-0.7162,0.6146,-18.77,0.000000,0.5312,-0.2238,0.0000
40.71,0.0100,0.0000,0.0000,0.0000,0.0000,-0.0000,-0.1850,0.3908,-0.1850,0.3908,-46.62,-0.3606,0.3600,27.84,-0.7162,0.6146,-18.77,0.000000,0.5312,-0.2238,0.0000
40.91,0.0100,0.0000,0.0000,0.0000,0.0000,-0.0000,-0.1850,0.3908,-0.1850,0.3908,-46.72,-0.3606,0.3600,27.84,-0.7162,0.6146,-18.77,0.000000,0.5312,-0.2238,0.0000
41.11,0.0000,0.0000,0.0000,0.0000,0.0000,-0.0000,-0.1850,0.3908,-0.1850,0.3908,-46.53,-0.3606,0.3600,27.84,-0.7162,0.6146,-18.77,0.000000,0.5312,-0.2238,0.0000
41.31,0.0100,0.0000,0.0000,0.0000,0.0000,-0.0000,-0.1850,0.3908,-0.1850,0.3908,-46.52,-0.3606,0.3600,27.84,-0.7162,0.6146,-18.77,0.000000,0.5312,-0.2238,0.0000
41.51,0.0000,0.0000,0.0000,0.0000,0.0000,-0.0000,-0.1850,0.3908,-0.1850,0.3908,-46.62,-0.3606,0.3600,27.84,-0.7162,0.6146,-18.77,0.000000,0.5312,-0.2238,0.0000
41.71,0.0000,0.0000,0.0000,0.0000,0.0000,-0.0000,-0.1850,0.3908,-0.1850,0.3908,-46.63,-0.3606,0.3600,27.84,-0.7162,0.6146,-18.77,0.000000,0.5312,-0.2238,0.0000
41.91,0.0000,0.0000,0.0000,0.0000,0.0000,-0.0000,-0.1850,0.3908,-0.1850,0.3908,-46.63,-0.3606,0.3600,27.84,-0.7162,0.6146,-18.77,0.000000,0.5312,-0.2238,0.0000
42.12,0.0000,0.0000,0.0000,0.0000,0.0000,-0.0000,-0.1850,0.3908,-0.1850,0.3908,-46.65,-0.3606,0.3600,27.84,-0.7162,0.6146,-18.77,0.000000,0.5312,-0.2238,0.0000
42.32,0.0000,0.0000,0.0000,0.0000,0.0000,-0.0000,-0.1850,0.3908,-0.1850,0.3908,-46.71,-0.3606,0.3600,27.84,-0.7162,0.6146,-18.77,0.000000,0.5312,-0.2238,0.0000
42.52,0.0000,0.0000,0.0000,0.0000,0.0000,-0.0000,-0.1850,0.3908,-0.1850,0.3908,-46.51,-0.3606,0.3600,27.84,-0.7162,0.6146,-18.77,0.000000,0.5312,-0.2238,0.0000
42.73,0.0000,-0.0400,0.0000,-0.0300,0.0000,-0.0282,-0.1850,0.3891,-0.1850,0.3891,-46.65,-0.3606,0.3600,27.84,-0.7162,0.6146,-18.77,0.000000,0.5312,-0.2255,0.0282
42.93,0.0000,-0.0900,0.0000,-0.0800,0.0000,-0.0687,-0.1850,0.3791,-0.1850,0.3791,-46.68,-0.3606,0.3600,27.84,-0.7162,0.6146,-18.77,0.000000,0.5312,-0.2355,0.0000
43.13,0.0000,-0.1400,0.0000,-0.1400,0.0000,-0.1165,-0.1850,0.3592,-0.1850,0.3592,-46.68,-0.3873,0.3687,28.25,-0.7224,0.6016,-18.32,0.140429,0.5374,-0.2424,0.0000
43.33,0.0000,-0.1900,0.0000,-0.1900,0.0000,-0.1758,-0.1850,0.3304,-0.1850,0.3304,-46.93,-0.3781,0.3630,27.18,-0.6960,0.5770,-19.72,0.054119,0.5110,-0.2466,0.0000
43.53,0.0000,-0.2300,0.0000,-0.2300,0.0000,-0.2144,-0.1850,0.2900,-0.1850,0.2900,-46.44,-0.3949,0.3590,26.80,-0.6944,0.5419,-19.64,0.085846,0.5094,-0.2519,0.0000
43.73,0.0000,-0.2600,0.0000,-0.2600,0.0000,-0.2483,-0.1850,0.2436,-0.1850,0.2436,-46.95,-0.4070,0.3601,27.34,-0.6868,0.4985,-19.41,0.060501,0.5018,-0.2550,0.0000
43.94,0.0000,-0.2600,0.0000,-0.2600,0.0000,-0.2598,-0.1850,0.1870,-0.1850,0.1898,-47.87,-0.4178,0.3693,28.04,-0.6758,0.4604,-19.67,0.069495,0.4908,-0.2734,0.0000
44.14,0.0000,-0.2200,0.0000,-0.2200,0.0000,-0.2357,-0.1850,0.1377,-0.1850,0.1405,-48.57,-0.4172,0.3876,27.29,-0.6509,0.4372,-21.13,0.091543,0.4659,-0.2995,0.0000
44.34,0.0100,-0.1700,0.0000,-0.1700,0.0000,-0.1895,-0.1850,0.0954,-0.1850,0.0954,-49.76,-0.4287,0.3991,26.54,-0.6501,0.4285,-22.33,0.080159,0.4651,-0.3331,0.0000
44.54,0.0000,-0.1500,0.0000,-0.1500,0.0000,-0.1556,-0.1850,0.0617,-0.1850,0.0617,-50.09,-0.4436,0.4049,26.58,-0.6474,0.3988,-23.39,0.079548,0.4624,-0.3372,0.0000
44.75,0.0000,-0.1000,0.0000,-0.1000,0.0000,-0.1201,-0.1850,0.0340,-0.1850,0.0340,-50.35,-0.4366,0.4063,26.28,-0.6268,0.3736,-23.83,0.033937,0.4418,-0.3396,0.0000
44.95,0.0000,-0.0500,0.0000,-0.0500,0.0000,-0.0652,-0.1850,0.0158,-0.1850,0.0158,-50.64,-0.4630,0.4234,25.46,-0.6423,0.3696,-24.98,0.155570,0.4573,-0.3538,0.0000
45.16,0.0000,-0.0200,0.0000,-0.0200,0.0000,-0.0201,-0.1850,0.0079,-0.1850,0.0082,-51.18,-0.4630,0.4234,25.46,-0.6423,0.3696,-24.98,0.000000,0.4573,-0.3617,0.0201
45.36,0.0000,0.0000,0.0000,0.0000,0.0000,-0.0000,-0.1850,0.0068,-0.1850,0.0068,-51.20,-0.4456,0.4173,25.13,-0.6161,0.3454,-26.10,0.092061,0.4311,-0.3386,0.0000
45.56,0.0000,0.0000,0.0000,0.0000,0.0000,-0.0000,-0.1850,0.0068,-0.1850,0.0068,-51.14,-0.4456,0.4173,25.13,-0.6161,0.3454,-26.10,0.000000,0.4311,-0.3386,0.0000
45.77,-0.0100,0.0000,0.0000,0.0000,0.0000,-0.0000,-0.1850,0.0068,-0.1850,0.0068,-51.42,-0.4456,0.4173,25.13,-0.6161,0.3454,-26.10,0.000000,0.4311,-0.3386,0.0000
45.97,-0.0100,0.0000,0.0000,0.0000,0.0000,-0.0000,-0.1850,0.0068,-0.1850,0.0068,-51.68,-0.4456,0.4173,25.13,-0.6161,0.3454,-26.10,0.000000,0.4311,-0.3386,0.0000
46.17,-0.0100,0.0100,0.0000,0.0000,0.0000,-0.0000,-0.1850,0.0068,-0.1850,0.0068,-51.70,-0.4456,0.4173,25.13,-0.6161,0.3454,-26.10,0.000000,0.4311,-0.3386,0.0000
46.37,0.0000,0.0100,0.0000,0.0000,0.0000,-0.0000,-0.1850,0.0068,-0.1850,0.0068,-51.62,-0.4456,0.4173,25.13,-0.6161,0.3454,-26.10,0.000000,0.4311,-0.3386,0.0000
46.58,-0.0100,0.0000,0.0000,0.0000,0.0000,-0.0000,-0.1850,0.0068,-0.1850,0.0068,-51.70,-0.4456,0.4173,25.13,-0.6161,0.3454,-26.10,0.000000,0.4311,-0.3386,0.0000
46.78,-0.0100,0.0000,0.0000,0.0000,0.0000,-0.0000,-0.1850,0.0068,-0.1850,0.0068,-51.71,-0.4456,0.4173,25.13,-0.6161,0.3454,-26.10,0.000000,0.4311,-0.3386,0.0000
46.99,0.0000,0.0000,0.0000,0.0000,0.0000,-0.0000,-0.1850,0.0068,-0.1850,0.0068,-51.92,-0.4456,0.4173,25.13,-0.6161,0.3454,-26.10,0.000000,0.4311,-0.3386,0.0000
47.19,0.0000,0.0000,0.0000,0.0000,0.0000,-0.0000,-0.1850,0.0068,-0.1850,0.0068,-51.80,-0.4456,0.4173,25.13,-0.6161,0.3454,-26.10,0.000000,0.4311,-0.3386,0.0000
47.39,-0.0100,0.0000,0.0000,0.0000,0.0000,-0.0000,-0.1850,0.0068,-0.1850,0.0068,-51.89,-0.4456,0.4173,25.13,-0.6161,0.3454,-26.10,0.000000,0.4311,-0.3386,0.0000
47.60,-0.0100,0.0000,0.0000,0.0000,0.0000,-0.0000,-0.1850,0.0068,-0.1850,0.0068,-52.16,-0.4456,0.4173,25.13,-0.6161,0.3454,-26.10,0.000000,0.4311,-0.3386,0.0000
47.80,-0.0100,0.0000,0.0000,0.0000,0.0000,-0.0000,-0.1850,0.0068,-0.1850,0.0068,-52.10,-0.4456,0.4173,25.13,-0.6161,0.3454,-26.10,0.000000,0.4311,-0.3386,0.0000
48.01,0.0000,0.0000,0.0000,0.0000,0.0000,-0.0000,-0.1850,0.0068,-0.1850,0.0068,-52.07,-0.4456,0.4173,25.13,-0.6161,0.3454,-26.10,0.000000,0.4311,-0.3386,0.0000
48.21,0.0000,0.0000,0.0000,0.0000,0.0000,-0.0000,-0.1850,0.0068,-0.1850,0.0068,-52.05,-0.4456,0.4173,25.13,-0.6161,0.3454,-26.10,0.000000,0.4311,-0.3386,0.0000
48.41,0.0000,0.0000,0.0000,0.0000,0.0000,-0.0000,-0.1850,0.0068,-0.1850,0.0068,-51.74,-0.4456,0.4173,25.13,-0.6161,0.3454,-26.10,0.000000,0.4311,-0.3386,0.0000
48.61,0.0000,0.0000,0.0000,0.0000,0.0000,-0.0000,-0.1850,0.0068,-0.1850,0.0068,-51.74,-0.4456,0.4173,25.13,-0.6161,0.3454,-26.10,0.000000,0.4311,-0.3386,0.0000
48.81,0.0000,0.0000,0.0000,0.0000,0.0000,-0.0000,-0.1850,0.0068,-0.1850,0.0068,-51.70,-0.4456,0.4173,25.13,-0.6161,0.3454,-26.10,0.000000,0.4311,-0.3386,0.0000
49.01,0.0000,0.0000,0.0000,0.0000,0.0000,-0.0000,-0.1850,0.0068,-0.1850,0.0068,-51.55,-0.4456,0.4173,25.13,-0.6161,0.3454,-26.10,0.000000,0.4311,-0.3386,0.0000
49.22,0.0000,0.0000,0.0000,0.0000,0.0000,-0.0000,-0.1850,0.0068,-0.1850,0.0068,-51.61,-0.4456,0.4173,25.13,-0.6161,0.3454,-26.10,0.000000,0.4311,-0.3386,0.0000
49.42,0.0000,0.0000,0.0000,0.0000,0.0000,-0.0000,-0.1850,0.0068,-0.1850,0.0068,-51.68,-0.4456,0.4173,25.13,-0.6161,0.3454,-26.10,0.000000,0.4311,-0.3386,0.0000
49.62,0.0000,0.0000,0.0000,0.0000,0.0000,-0.0000,-0.1850,0.0068,-0.1850,0.0068,-51.63,-0.4456,0.4173,25.13,-0.6161,0.3454,-26.10,0.000000,0.4311,-0.3386,0.0000
49.82,0.0000,0.0000,0.0000,0.0000,0.0000,-0.0000,-0.1850,0.0068,-0.1850,0.0068,-51.69,-0.4456,0.4173,25.13,-0.6161,0.3454,-26.10,0.000000,0.4311,-0.3386,0.0000
50.02,0.0000,0.0000,0.0000,0.0000,0.0000,-0.0000,-0.1850,0.0068,-0.1850,0.0068,-51.70,-0.4456,0.4173,25.13,-0.6161,0.3454,-26.10,0.000000,0.4311,-0.3386,0.0000
50.22,0.0000,0.0000,0.0000,0.0000,0.0000,-0.0000,-0.1850,0.0068,-0.1850,0.0068,-51.80,-0.4456,0.4173,25.13,-0.6161,0.3454,-26.10,0.000000,0.4311,-0.3386,0.0000
50.42,0.0000,0.0000,0.0000,0.0000,0.0000,-0.0000,-0.1850,0.0068,-0.1850,0.0068,-51.82,-0.4456,0.4173,25.13,-0.6161,0.3454,-26.10,0.000000,0.4311,-0.3386,0.0000
50.63,-0.0100,0.0000,0.0000,0.0000,0.0000,-0.0000,-0.1850,0.0068,-0.1850,0.0068,-51.58,-0.4456,0.4173,25.13,-0.6161,0.3454,-26.10,0.000000,0.4311,-0.3386,0.0000
50.83,-0.0800,0.0000,-0.0700,0.0000,-0.0559,-0.0000,-0.1914,0.0068,-0.1914,0.0068,-51.31,-0.4456,0.4173,25.13,-0.6161,0.3454,-26.10,0.000000,0.4248,-0.3386,0.0000
51.03,-0.1500,0.0000,-0.1500,0.0000,-0.1224,-0.0000,-0.2103,0.0068,-0.2103,0.0068,-50.94,-0.4456,0.4173,25.13,-0.6161,0.3454,-26.10,0.000000,0.4058,-0.3386,0.0000
51.24,-0.2300,0.0200,-0.2300,0.0200,-0.2027,-0.0000,-0.2458,0.0068,-0.2412,0.0068,-51.34,-0.4441,0.4238,25.25,-0.6430,0.3375,-26.11,0.032837,0.3972,-0.3307,0.0000
51.44,-0.2800,0.0200,-0.2800,0.0200,-0.2661,-0.0000,-0.2946,0.0068,-0.2946,0.0068,-52.08,-0.4697,0.4469,25.09,-0.7231,0.3357,-26.72,0.170612,0.4285,-0.3289,0.0000
51.64,-0.3000,0.0000,-0.3000,0.0000,-0.2968,-0.0000,-0.3503,0.0068,-0.3503,0.0068,-52.78,-0.4845,0.4615,25.12,-0.7892,0.3261,-27.75,0.103922,0.4389,-0.3193,0.0000
51.85,-0.3000,0.0000,-0.3000,0.0000,-0.3017,-0.0000,-0.4113,0.0068,-0.4113,0.0068,-53.25,-0.4855,0.4650,25.02,-0.8443,0.3050,-28.10,0.016916,0.4331,-0.2982,0.0000
52.05,-0.2500,-0.0100,-0.2500,0.0000,-0.2699,-0.0000,-0.4705,0.0068,-0.4705,0.0068,-53.52,-0.4692,0.4569,25.53,-0.8817,0.2674,-27.90,0.090656,0.4112,-0.2607,0.0000
52.25,-0.1900,-0.0100,-0.1900,0.0000,-0.2094,-0.0000,-0.5166,0.0068,-0.5166,0.0068,-52.91,-0.4689,0.4771,24.93,-0.9294,0.2705,-28.22,0.100102,0.4128,-0.2637,0.0000
52.45,-0.1500,0.0000,-0.1500,0.0000,-0.1716,-0.0000,-0.5553,0.0068,-0.5553,0.0068,-51.28,-0.4395,0.4567,25.34,-0.9169,0.2381,-27.37,0.178663,0.3617,-0.2313,0.0000
52.65,-0.0800,0.0000,-0.0800,0.0000,-0.1120,-0.0000,-0.5823,0.0068,-0.5823,0.0068,-50.08,-0.4639,0.4627,25.68,-0.9716,0.2260,-25.38,0.125326,0.3893,-0.2192,0.0000
52.85,-0.0400,0.0000,-0.0400,0.0000,-0.0428,-0.0000,-0.5970,0.0068,-0.5970,0.0068,-49.37,-0.4744,0.4627,25.35,-1.0069,0.2180,-24.58,0.052402,0.4098,-0.2112,0.0000
53.06,-0.0200,0.0000,-0.0200,0.0000,-0.0200,0.0000,-0.6032,0.0068,-0.6027,0.0068,-48.89,-0.4744,0.4627,25.35,-1.0069,0.2180,-24.58,0.000000,0.4037,-0.2112,0.0200
53.26,-0.0100,0.0000,0.0000,0.0000,-0.0000,0.0000,-0.6056,0.0068,-0.6056,0.0068,-48.58,-0.4639,0.4619,25.59,-1.0130,0.2065,-23.05,0.052225,0.4073,-0.1997,0.0000
53.46,0.0000,0.0000,0.0000,0.0000,-0.0000,0.0000,-0.6056,0.0068,-0.6056,0.0068,-48.51,-0.4639,0.4619,25.59,-1.0130,0.2065,-23.05,0.000000,0.4073,-0.1997,0.0000
53.67,0.0000,-0.0200,0.0000,-0.0200,-0.0000,-0.0180,-0.6056,0.0065,-0.6056,0.0065,-48.85,-0.4639,0.4619,25.59,-1.0130,0.2065,-23.05,0.000000,0.4073,-0.2000,0.0180
53.87,0.0000,-0.0200,0.0000,-0.0200,-0.0000,-0.0200,-0.6056,0.0024,-0.6056,0.0024,-48.85,-0.4639,0.4619,25.59,-1.0130,0.2065,-23.05,0.000000,0.4073,-0.2041,0.0200
54.08,-0.0100,-0.0200,0.0000,-0.0200,-0.0000,-0.0200,-0.6056,-0.0015,-0.6056,-0.0015,-49.11,-0.4639,0.4619,25.59,-1.0130,0.2065,-23.05,0.000000,0.4073,-0.2080,0.0200
54.28,0.0000,-0.0200,0.0000,-0.0200,-0.0000,-0.0200,-0.6056,-0.0059,-0.6056,-0.0055,-49.10,-0.4639,0.4619,25.59,-1.0130,0.2065,-23.05,0.000000,0.4073,-0.2124,0.0200
54.49,0.0000,-0.0200,0.0000,-0.0200,-0.0000,-0.0200,-0.6056,-0.0102,-0.6056,-0.0102,-48.88,-0.4639,0.4619,25.59,-1.0130,0.2065,-23.05,0.000000,0.4073,-0.2167,0.0200
54.69,0.0000,-0.0200,0.0000,-0.0200,-0.0000,-0.0201,-0.6056,-0.0151,-0.6056,-0.0151,-48.59,-0.4458,0.4652,25.48,-0.9860,0.1912,-23.12,0.091861,0.3804,-0.2063,0.0201
54.89,0.0100,-0.0200,0.0000,-0.0200,-0.0000,-0.0200,-0.6056,-0.0195,-0.6056,-0.0195,-48.78,-0.4458,0.4652,25.48,-0.9860,0.1912,-23.12,0.000000,0.3804,-0.2107,0.0200
55.09,0.0100,-0.0200,0.0000,-0.0200,-0.0000,-0.0200,-0.6056,-0.0239,-0.6056,-0.0239,-48.98,-0.4458,0.4652,25.48,-0.9860,0.1912,-23.12,0.000000,0.3804,-0.2151,0.0200
55.30,0.0000,-0.0200,0.0000,-0.0200,-0.0000,-0.0200,-0.6056,-0.0281,-0.6056,-0.0278,-48.47,-0.4458,0.4652,25.48,-0.9860,0.1912,-23.12,0.000000,0.3804,-0.2193,0.0200
55.50,0.0000,-0.0200,0.0000,-0.0200,-0.0000,-0.0200,-0.6056,-0.0322,-0.6056,-0.0322,-48.67,-0.4458,0.4652,25.48,-0.9860,0.1912,-23.12,0.000000,0.3804,-0.2234,0.0200
55.70,0.0000,-0.0100,0.0000,0.0000,-0.0000,-0.0000,-0.6056,-0.0331,-0.6056,-0.0331,-48.68,-0.4458,0.4652,25.48,-0.9860,0.1912,-23.12,0.000000,0.3804,-0.2243,0.0000
55.90,0.0000,-0.0100,0.0000,0.0000,-0.0000,-0.0000,-0.6056,-0.0331,-0.6056,-0.0331,-48.55,-0.4458,0.4652,25.48,-0.9860,0.1912,-23.12,0.000000,0.3804,-0.2243,0.0000
56.10,0.0000,-0.0200,0.0000,-0.0200,-0.0000,-0.0200,-0.6056,-0.0351,-0.6056,-0.0351,-48.67,-0.4458,0.4652,25.48,-0.9860,0.1912,-23.12,0.000000,0.3804,-0.2263,0.0200
56.31,0.0000,-0.0200,0.0000,-0.0200,-0.0000,-0.0200,-0.6056,-0.0390,-0.6056,-0.0390,-48.47,-0.4158,0.4627,25.36,-0.9474,0.1703,-23.25,0.144416,0.3418,-0.2094,0.0200
56.51,0.0000,-0.0100,0.0000,0.0000,-0.0000,-0.0000,-0.6056,-0.0419,-0.6056,-0.0419,-48.27,-0.4158,0.4627,25.36,-0.9474,0.1703,-23.25,0.000000,0.3418,-0.2122,0.0000
56.72,0.0000,-0.0200,0.0000,-0.0200,-0.0000,-0.0200,-0.6056,-0.0444,-0.6056,-0.0440,-48.27,-0.4158,0.4627,25.36,-0.9474,0.1703,-23.25,0.000000,0.3418,-0.2148,0.0200
56.92,0.0000,-0.0100,0.0000,0.0000,-0.0000,-0.0000,-0.6056,-0.0463,-0.6056,-0.0463,-47.91,-0.4158,0.4627,25.36,-0.9474,0.1703,-23.25,0.000000,0.3418,-0.2166,0.0000
57.13,0.0000,-0.0100,0.0000,0.0000,-0.0000,-0.0000,-0.6056,-0.0463,-0.6056,-0.0463,-47.86,-0.4158,0.4627,25.36,-0.9474,0.1703,-23.25,0.000000,0.3418,-0.2166,0.0000
57.33,0.0200,-0.0100,0.0200,0.0000,0.0198,-0.0000,-0.6052,-0.0463,-0.6052,-0.0463,-47.69,-0.4158,0.4627,25.36,-0.9474,0.1703,-23.25,0.000000,0.3423,-0.2166,0.0198
57.53,0.0600,-0.0100,0.0600,0.0000,0.0467,-0.0000,-0.5985,-0.0463,-0.5985,-0.0463,-47.47,-0.4158,0.4627,25.36,-0.9474,0.1703,-23.25,0.000000,0.3489,-0.2166,0.0000
57.74,0.1000,0.0000,0.1000,0.0000,0.0923,-0.0000,-0.5825,-0.0463,-0.5848,-0.0463,-47.57,-0.4158,0.4627,25.36,-0.9474,0.1703,-23.25,0.000000,0.3649,-0.2166,0.0000
57.94,0.1400,0.0000,0.1400,0.0000,0.1239,-0.0000,-0.5611,-0.0463,-0.5611,-0.0463,-47.46,-0.4329,0.4689,25.33,-0.9363,0.1794,-22.20,0.089950,0.3753,-0.2257,0.0000
58.15,0.1700,0.0000,0.1700,0.0000,0.1569,-0.0000,-0.5318,-0.0463,-0.5318,-0.0463,-48.05,-0.4472,0.4639,25.39,-0.9307,0.1831,-22.07,0.071543,0.3989,-0.2294,0.0000
58.35,0.1800,0.0000,0.1800,0.0000,0.1793,-0.0000,-0.4975,-0.0463,-0.4975,-0.0463,-48.97,-0.4408,0.4576,25.86,-0.8947,0.1862,-22.35,0.043897,0.3972,-0.2325,0.0000
58.56,0.1800,0.0000,0.1800,0.0000,0.1800,-0.0000,-0.4578,-0.0463,-0.4625,-0.0463,-49.08,-0.4572,0.4645,26.06,-0.8797,0.2064,-22.93,0.087241,0.4219,-0.2527,0.0000
58.76,0.1800,-0.0100,0.1800,0.0000,0.1800,-0.0000,-0.4228,-0.0463,-0.4228,-0.0463,-49.95,-0.4821,0.4719,26.32,-0.8706,0.2281,-22.84,0.128735,0.4478,-0.2744,0.0000
58.96,0.2100,-0.0300,0.2100,-0.0300,0.2021,-0.0000,-0.3840,-0.0463,-0.3840,-0.0463,-49.99,-0.4667,0.4705,26.59,-0.8220,0.2409,-23.42,0.076342,0.4380,-0.2872,0.0000
59.17,0.2200,-0.0200,0.2200,-0.0200,0.2196,-0.0000,-0.3422,-0.0463,-0.3422,-0.0463,-49.05,-0.4802,0.4751,26.84,-0.7818,0.2706,-22.53,0.068583,0.4396,-0.3169,0.0000
59.37,0.1900,-0.0200,0.1900,-0.0200,0.2046,-0.0000,-0.2985,-0.0463,-0.2985,-0.0463,-48.62,-0.4571,0.4683,26.38,-0.7200,0.2862,-22.50,0.119927,0.4215,-0.3325,0.0000
59.57,0.1400,-0.0200,0.1500,-0.0200,0.1643,-0.0000,-0.2601,-0.0463,-0.2601,-0.0463,-47.92,-0.4526,0.4682,26.64,-0.6965,0.2941,-21.92,0.022525,0.4364,-0.3404,0.0000
59.77,0.0700,-0.0300,0.0700,-0.0300,0.1053,-0.0102,-0.2354,-0.0464,-0.2354,-0.0464,-47.36,-0.4579,0.4672,26.80,-0.6684,0.3091,-21.11,0.026881,0.4330,-0.3555,0.0000
59.97,0.0100,-0.0100,0.0000,0.0000,0.0201,-0.0000,-0.2246,-0.0494,-0.2246,-0.0494,-46.50,-0.4726,0.4716,27.04,-0.6602,0.3235,-20.28,0.076255,0.4357,-0.3730,0.0201
60.18,-0.0200,0.0000,-0.0200,0.0000,0.0000,-0.0000,-0.2245,-0.0494,-0.2245,-0.0494,-46.38,-0.4726,0.4716,27.04,-0.6602,0.3235,-20.28,0.000000,0.4357,-0.3730,0.0000
60.38,-0.0100,0.0000,0.0000,0.0000,-0.0200,-0.0000,-0.2282,-0.0494,-0.2279,-0.0494,-46.56,-0.4726,0.4716,27.04,-0.6602,0.3235,-20.28,0.000000,0.4321,-0.3730,0.0200
60.58,-0.0100,0.0000,0.0000,0.0000,-0.0000,-0.0000,-0.2282,-0.0494,-0.2282,-0.0494,-46.94,-0.4726,0.4716,27.04,-0.6602,0.3235,-20.28,0.000000,0.4320,-0.3730,0.0000
60.78,0.0000,0.0000,0.0000,0.0000,-0.0000,-0.0000,-0.2282,-0.0494,-0.2282,-0.0494,-47.11,-0.4726,0.4716,27.04,-0.6602,0.3235,-20.28,0.000000,0.4320,-0.3730,0.0000
60.98,0.0000,0.0100,0.0000,0.0000,-0.0000,-0.0000,-0.2282,-0.0494,-0.2282,-0.0494,-47.26,-0.4726,0.4716,27.04,-0.6602,0.3235,-20.28,0.000000,0.4320,-0.3730,0.0000
61.18,-0.0100,0.0100,0.0000,0.0000,-0.0000,-0.0000,-0.2282,-0.0494,-0.2282,-0.0494,-47.34,-0.4726,0.4716,27.04,-0.6602,0.3235,-20.28,0.000000,0.4320,-0.3730,0.0000
61.39,-0.0200,0.0100,-0.0200,0.0000,-0.0200,-0.0000,-0.2315,-0.0494,-0.2315,-0.0494,-47.17,-0.4726,0.4716,27.04,-0.6602,0.3235,-20.28,0.000000,0.4287,-0.3730,0.0200
61.59,-0.0100,0.0000,-0.0200,0.0000,-0.0200,-0.0000,-0.2355,-0.0494,-0.2355,-0.0494,-47.55,-0.4726,0.4716,27.04,-0.6602,0.3235,-20.28,0.000000,0.4247,-0.3730,0.0200
61.80,-0.0100,0.0100,0.0000,0.0000,-0.0000,-0.0000,-0.2360,-0.0494,-0.2360,-0.0494,-47.51,-0.4726,0.4716,27.04,-0.6602,0.3235,-20.28,0.000000,0.4242,-0.3730,0.0000
62.01,-0.0100,0.0000,0.0000,0.0000,-0.0000,-0.0000,-0.2360,-0.0494,-0.2360,-0.0494,-47.33,-0.4726,0.4716,27.04,-0.6602,0.3235,-20.28,0.000000,0.4242,-0.3730,0.0000
62.21,0.0000,0.0000,0.0000,0.0000,-0.0000,-0.0000,-0.2360,-0.0494,-0.2360,-0.0494,-47.53,-0.4726,0.4716,27.04,-0.6602,0.3235,-20.28,0.000000,0.4242,-0.3730,0.0000
62.41,0.0000,0.0000,0.0000,0.0000,-0.0000,-0.0000,-0.2360,-0.0494,-0.2360,-0.0494,-47.61,-0.4726,0.4716,27.04,-0.6602,0.3235,-20.28,0.000000,0.4242,-0.3730,0.0000
62.61,0.0000,0.0000,0.0000,0.0000,-0.0000,-0.0000,-0.2360,-0.0494,-0.2360,-0.0494,-47.71,-0.4726,0.4716,27.04,-0.6602,0.3235,-20.28,0.000000,0.4242,-0.3730,0.0000
62.82,0.0000,0.0000,0.0000,0.0000,-0.0000,-0.0000,-0.2360,-0.0494,-0.2360,-0.0494,-48.03,-0.4726,0.4716,27.04,-0.6602,0.3235,-20.28,0.000000,0.4242,-0.3730,0.0000
63.02,0.0000,0.0000,0.0000,0.0000,-0.0000,-0.0000,-0.2360,-0.0494,-0.2360,-0.0494,-48.51,-0.4739,0.4613,26.59,-0.6628,0.3115,-21.88,0.051554,0.4267,-0.3610,0.0000
63.22,0.0000,0.0000,0.0000,0.0000,-0.0000,-0.0000,-0.2360,-0.0494,-0.2360,-0.0494,-48.78,-0.4739,0.4613,26.59,-0.6628,0.3115,-21.88,0.000000,0.4267,-0.3610,0.0000
63.42,0.0000,0.0000,0.0000,0.0000,-0.0000,-0.0000,-0.2360,-0.0494,-0.2360,-0.0494,-49.18,-0.4739,0.4613,26.59,-0.6628,0.3115,-21.88,0.000000,0.4267,-0.3610,0.0000
63.63,0.0000,0.0000,0.0000,0.0000,-0.0000,-0.0000,-0.2360,-0.0494,-0.2360,-0.0494,-49.49,-0.4739,0.4613,26.59,-0.6628,0.3115,-21.88,0.000000,0.4267,-0.3610,0.0000
63.83,0.0000,0.0000,0.0000,0.0000,-0.0000,-0.0000,-0.2360,-0.0494,-0.2360,-0.0494,-49.52,-0.4739,0.4613,26.59,-0.6628,0.3115,-21.88,0.000000,0.4267,-0.3610,0.0000
64.03,0.0000,0.0000,0.0000,0.0000,-0.0000,-0.0000,-0.2360,-0.0494,-0.2360,-0.0494,-49.63,-0.4739,0.4613,26.59,-0.6628,0.3115,-21.88,0.000000,0.4267,-0.3610,0.0000
64.23,-0.0100,0.0300,0.0000,0.0300,-0.0000,0.0180,-0.2360,-0.0492,-0.2360,-0.0492,-50.06,-0.4778,0.4630,26.52,-0.6668,0.3134,-23.22,0.021065,0.4308,-0.3626,0.0180
64.44,-0.0100,0.0800,0.0000,0.0800,-0.0000,0.0676,-0.2360,-0.0391,-0.2360,-0.0408,-50.07,-0.4778,0.4630,26.52,-0.6668,0.3134,-23.22,0.000000,0.4308,-0.3525,0.0000
64.64,-0.0100,0.1500,0.0000,0.1500,-0.0000,0.1254,-0.2360,-0.0199,-0.2360,-0.0199,-50.45,-0.5030,0.4701,27.11,-0.7007,0.3383,-23.40,0.130849,0.4647,-0.3582,0.0000
64.84,0.0000,0.2100,0.0000,0.2100,-0.0000,0.1927,-0.2360,0.0124,-0.2360,0.0124,-50.34,-0.4996,0.4613,26.79,-0.7098,0.3540,-23.46,0.046835,0.4738,-0.3416,0.0000
65.04,0.0000,0.2500,0.0000,0.2500,-0.0000,0.2405,-0.2360,0.0560,-0.2360,0.0560,-50.28,-0.5144,0.4672,27.27,-0.7421,0.3936,-23.24,0.079824,0.5060,-0.3377,0.0000
65.24,0.0100,0.2800,0.0000,0.2800,-0.0000,0.2768,-0.2360,0.1081,-0.2360,0.1081,-49.13,-0.5369,0.4689,28.32,-0.7864,0.4345,-21.20,0.112106,0.5504,-0.3264,0.0000
65.45,0.0200,0.2300,0.0200,0.2400,-0.0000,0.2520,-0.2360,0.1623,-0.2360,0.1623,-48.67,-0.5378,0.4614,28.32,-0.8137,0.4763,-20.47,0.035475,0.5777,-0.3140,0.0000
65.65,0.0300,0.1900,0.0300,0.1900,-0.0000,0.2067,-0.2360,0.2090,-0.2360,0.2090,-48.22,-0.5336,0.4641,28.22,-0.8320,0.5215,-20.28,0.024757,0.5960,-0.3125,0.0000
65.85,0.0300,0.1500,0.0300,0.1500,-0.0000,0.1655,-0.2360,0.2441,-0.2360,0.2441,-47.17,-0.5375,0.4688,28.12,-0.8460,0.5457,-19.97,0.030574,0.6100,-0.3016,0.0000
66.05,0.0200,0.1300,0.0200,0.1300,-0.0000,0.1365,-0.2360,0.2743,-0.2360,0.2743,-47.52,-0.5253,0.4712,29.22,-0.8522,0.5725,-17.91,0.062077,0.6161,-0.2982,0.0000
66.25,0.0000,0.1000,0.0000,0.1000,-0.0000,0.1092,-0.2360,0.2990,-0.2360,0.2990,-47.31,-0.5200,0.4825,29.60,-0.8622,0.6073,-17.96,0.062222,0.6261,-0.3084,0.0000
66.46,0.0100,0.0700,0.0000,0.0700,-0.0000,0.0835,-0.2360,0.3182,-0.2360,0.3182,-46.37,-0.5193,0.4800,29.88,-0.8740,0.6240,-17.28,0.012389,0.6380,-0.3059,0.0000
66.66,0.0000,0.0300,0.0000,0.0300,-0.0000,0.0303,-0.2360,0.3305,-0.2360,0.3301,-46.46,-0.5235,0.4778,29.50,-0.8899,0.6466,-16.92,0.023452,0.6539,-0.3161,0.0000
66.86,0.0000,0.0100,0.0000,0.0000,-0.0000,0.0020,-0.2360,0.3355,-0.2360,0.3355,-46.93,-0.5235,0.4778,29.50,-0.8899,0.6466,-16.92,0.000000,0.6539,-0.3111,0.0020
67.06,0.0000,0.0000,0.0000,0.0000,-0.0000,0.0000,-0.2360,0.3355,-0.2360,0.3355,-47.43,-0.5235,0.4778,29.50,-0.8899,0.6466,-16.92,0.000000,0.6539,-0.3111,0.0000
67.27,0.0000,0.0000,0.0000,0.0000,-0.0000,0.0000,-0.2360,0.3355,-0.2360,0.3355,-47.22,-0.5235,0.4778,29.50,-0.8899,0.6466,-16.92,0.000000,0.6539,-0.3111,0.0000
67.47,0.0000,0.0100,0.0000,0.0000,-0.0000,0.0000,-0.2360,0.3355,-0.2360,0.3355,-47.21,-0.5235,0.4778,29.50,-0.8899,0.6466,-16.92,0.000000,0.6539,-0.3111,0.0000
67.67,0.0000,0.0000,0.0000,0.0000,-0.0000,0.0000,-0.2360,0.3355,-0.2360,0.3355,-47.74,-0.5154,0.4780,29.75,-0.8867,0.6522,-17.98,0.040224,0.6506,-0.3167,0.0000
67.88,0.0000,0.0000,0.0000,0.0000,-0.0000,0.0000,-0.2360,0.3355,-0.2360,0.3355,-47.63,-0.5154,0.4780,29.75,-0.8867,0.6522,-17.98,0.000000,0.6506,-0.3167,0.0000
68.08,0.0000,0.0000,0.0000,0.0000,-0.0000,0.0000,-0.2360,0.3355,-0.2360,0.3355,-47.67,-0.5154,0.4780,29.75,-0.8867,0.6522,-17.98,0.000000,0.6506,-0.3167,0.0000
68.29,0.0000,0.0000,0.0000,0.0000,-0.0000,0.0000,-0.2360,0.3355,-0.2360,0.3355,-47.65,-0.5154,0.4780,29.75,-0.8867,0.6522,-17.98,0.000000,0.6506,-0.3167,0.0000
68.49,0.0100,0.0100,0.0000,0.0000,-0.0000,0.0000,-0.2360,0.3355,-0.2360,0.3355,-47.62,-0.5154,0.4780,29.75,-0.8867,0.6522,-17.98,0.000000,0.6506,-0.3167,0.0000
68.69,0.0100,0.0100,0.0000,0.0000,-0.0000,0.0000,-0.2360,0.3355,-0.2360,0.3355,-47.62,-0.5154,0.4780,29.75,-0.8867,0.6522,-17.98,0.000000,0.6506,-0.3167,0.0000
68.89,0.0100,0.0000,0.0000,0.0000,-0.0000,0.0000,-0.2360,0.3355,-0.2360,0.3355,-47.52,-0.5154,0.4780,29.75,-0.8867,0.6522,-17.98,0.000000,0.6506,-0.3167,0.0000
69.10,0.0100,0.0000,0.0000,0.0000,-0.0000,0.0000,-0.2360,0.3355,-0.2360,0.3355,-47.29,-0.5154,0.4780,29.75,-0.8867,0.6522,-17.98,0.000000,0.6506,-0.3167,0.0000
69.30,0.0100,0.0000,0.0000,0.0000,-0.0000,0.0000,-0.2360,0.3355,-0.2360,0.3355,-47.47,-0.5154,0.4780,29.75,-0.8867,0.6522,-17.98,0.000000,0.6506,-0.3167,0.0000
69.51,0.0000,0.0000,0.0000,0.0000,0.0000,0.0000,-0.2360,0.3355,-0.2360,0.3355,-47.43,-0.5154,0.4780,29.75,-0.8867,0.6522,-17.98,0.000000,0.6506,-0.3167,0.0000
69.71,0.0000,0.0000,0.0000,0.0000,0.0000,0.0000,-0.2360,0.3355,-0.2360,0.3355,-47.46,-0.5154,0.4780,29.75,-0.8867,0.6522,-17.98,0.000000,0.6506,-0.3167,0.0000
69.91,0.0000,0.0000,0.0000,0.0000,0.0000,0.0000,-0.2360,0.3355,-0.2360,0.3355,-47.77,-0.5154,0.4780,29.75,-0.8867,0.6522,-17.98,0.000000,0.6506,-0.3167,0.0000
70.12,0.0000,0.0000,0.0000,0.0000,0.0000,0.0000,-0.2360,0.3355,-0.2360,0.3355,-47.69,-0.5154,0.4780,29.75,-0.8867,0.6522,-17.98,0.000000,0.6506,-0.3167,0.0000
70.32,0.0000,0.0000,0.0000,0.0000,0.0000,0.0000,-0.2360,0.3355,-0.2360,0.3355,-47.65,-0.5154,0.4780,29.75,-0.8867,0.6522,-17.98,0.000000,0.6506,-0.3167,0.0000
70.52,0.0000,0.0000,0.0000,0.0000,0.0000,0.0000,-0.2360,0.3355,-0.2360,0.3355,-47.61,-0.5154,0.4780,29.75,-0.8867,0.6522,-17.98,0.000000,0.6506,-0.3167,0.0000
70.72,0.0000,0.0000,0.0000,0.0000,0.0000,0.0000,-0.2360,0.3355,-0.2360,0.3355,-47.55,-0.5154,0.4780,29.75,-0.8867,0.6522,-17.98,0.000000,0.6506,-0.3167,0.0000
70.93,-0.0100,-0.0400,0.0000,-0.0300,0.0000,-0.0282,-0.2360,0.3334,-0.2360,0.3334,-47.95,-0.5154,0.4780,29.75,-0.8867,0.6522,-17.98,0.000000,0.6506,-0.3188,0.0282
71.13,-0.0200,-0.0800,-0.0200,-0.0800,0.0000,-0.0689,-0.2360,0.3232,-0.2360,0.3232,-48.19,-0.5154,0.4780,29.75,-0.8867,0.6522,-17.98,0.000000,0.6506,-0.3290,0.0000
71.33,-0.0200,-0.1300,-0.0200,-0.1300,0.0000,-0.1088,-0.2360,0.3056,-0.2360,0.3056,-48.38,-0.5109,0.4746,29.74,-0.8707,0.6290,-18.50,0.028262,0.6346,-0.3233,0.0000
71.54,-0.0200,-0.1800,-0.0200,-0.1800,0.0000,-0.1648,-0.2360,0.2762,-0.2360,0.2783,-48.76,-0.5052,0.4719,29.94,-0.8539,0.6048,-18.55,0.030670,0.6178,-0.3286,0.0000
71.74,-0.0100,-0.2200,0.0000,-0.2200,0.0000,-0.2062,-0.2360,0.2390,-0.2360,0.2390,-49.47,-0.5074,0.4788,30.01,-0.8384,0.5805,-19.15,0.036197,0.6024,-0.3414,0.0000
71.95,0.0000,-0.2400,0.0000,-0.2400,0.0000,-0.2280,-0.2360,0.1924,-0.2360,0.1924,-50.01,-0.5043,0.4799,30.16,-0.8250,0.5625,-19.35,0.015616,0.5889,-0.3701,0.0000
72.15,0.0000,-0.2300,0.0000,-0.2300,0.0000,-0.2306,-0.2360,0.1498,-0.2360,0.1498,-50.17,-0.5122,0.4775,29.78,-0.8000,0.5059,-20.27,0.040735,0.5640,-0.3561,0.0000
72.35,0.0000,-0.2400,0.0000,-0.2400,0.0000,-0.2396,-0.2360,0.1012,-0.2360,0.1012,-50.75,-0.4919,0.4764,29.33,-0.7563,0.4657,-21.16,0.101497,0.5203,-0.3645,0.0000
72.55,0.0000,-0.2200,0.0000,-0.2200,0.0000,-0.2282,-0.2360,0.0536,-0.2360,0.0536,-50.50,-0.5062,0.4676,28.69,-0.7483,0.4189,-22.04,0.083161,0.5123,-0.3653,0.0000
72.75,0.0000,-0.1800,0.0000,-0.1800,0.0000,-0.1906,-0.2360,0.0110,-0.2360,0.0110,-50.59,-0.4956,0.4951,29.61,-0.7137,0.4014,-20.88,0.146915,0.4776,-0.3904,0.0000
72.95,0.0000,-0.1300,0.0000,-0.1300,0.0000,-0.1555,-0.2360,-0.0235,-0.2360,-0.0235,-51.00,-0.5049,0.4903,29.01,-0.7059,0.3661,-21.79,0.052844,0.4698,-0.3896,0.0000
73.16,0.0000,-0.0600,0.0000,-0.0600,0.0000,-0.0723,-0.2360,-0.0492,-0.2360,-0.0468,-51.05,-0.5059,0.4942,29.19,-0.6932,0.3454,-22.08,0.019928,0.4572,-0.3947,0.0000
73.36,-0.0100,-0.0200,0.0000,-0.0200,0.0000,-0.0201,-0.2360,-0.0569,-0.2360,-0.0569,-50.12,-0.5059,0.4942,29.19,-0.6932,0.3454,-22.08,0.000000,0.4572,-0.4023,0.0201
73.56,-0.0100,0.0000,0.0000,0.0000,0.0000,-0.0000,-0.2360,-0.0576,-0.2360,-0.0576,-50.48,-0.5059,0.4942,29.19,-0.6932,0.3454,-22.08,0.000000,0.4572,-0.4030,0.0000
73.76,-0.0100,0.0100,0.0000,0.0000,0.0000,-0.0000,-0.2360,-0.0576,-0.2360,-0.0576,-50.47,-0.5059,0.4942,29.19,-0.6932,0.3454,-22.08,0.000000,0.4572,-0.4030,0.0000
73.96,0.0000,0.0000,0.0000,0.0000,0.0000,-0.0000,-0.2360,-0.0576,-0.2360,-0.0576,-50.29,-0.5059,0.4942,29.19,-0.6932,0.3454,-22.08,0.000000,0.4572,-0.4030,0.0000
74.17,0.0000,0.0000,0.0000,0.0000,0.0000,-0.0000,-0.2360,-0.0576,-0.2360,-0.0576,-50.28,-0.5059,0.4942,29.19,-0.6932,0.3454,-22.08,0.000000,0.4572,-0.4030,0.0000
74.37,0.0000,0.0000,0.0000,0.0000,0.0000,-0.0000,-0.2360,-0.0576,-0.2360,-0.0576,-50.33,-0.5059,0.4942,29.19,-0.6932,0.3454,-22.08,0.000000,0.4572,-0.4030,0.0000
74.58,0.0000,0.0100,0.0000,0.0000,0.0000,-0.0000,-0.2360,-0.0576,-0.2360,-0.0576,-50.43,-0.5059,0.4942,29.19,-0.6932,0.3454,-22.08,0.000000,0.4572,-0.4030,0.0000
74.78,0.0000,0.0100,0.0000,0.0000,0.0000,-0.0000,-0.2360,-0.0576,-0.2360,-0.0576,-50.51,-0.5059,0.4942,29.19,-0.6932,0.3454,-22.08,0.000000,0.4572,-0.4030,0.0000
74.98,0.0000,0.0100,0.0000,0.0000,0.0000,0.0020,-0.2360,-0.0569,-0.2360,-0.0569,-50.65,-0.5059,0.4942,29.19,-0.6932,0.3454,-22.08,0.000000,0.4572,-0.4023,0.0020
75.18,0.0000,0.0100,0.0000,0.0000,0.0000,0.0000,-0.2360,-0.0569,-0.2360,-0.0569,-50.58,-0.5059,0.4942,29.19,-0.6932,0.3454,-22.08,0.000000,0.4572,-0.4023,0.0000
75.38,0.0100,0.0000,0.0000,0.0000,0.0000,0.0000,-0.2360,-0.0569,-0.2360,-0.0569,-50.52,-0.5059,0.4942,29.19,-0.6932,0.3454,-22.08,0.000000,0.4572,-0.4023,0.0000
75.59,0.0100,0.0000,0.0000,0.0000,0.0000,0.0000,-0.2360,-0.0569,-0.2360,-0.0569,-50.50,-0.5059,0.4942,29.19,-0.6932,0.3454,-22.08,0.000000,0.4572,-0.4023,0.0000
75.79,0.0300,-0.0100,0.0200,0.0000,0.0200,0.0000,-0.2329,-0.0569,-0.2329,-0.0569,-50.03,-0.5036,0.4964,28.93,-0.6805,0.3337,-21.13,0.015957,0.4476,-0.3906,0.0200
75.99,0.0300,0.0000,0.0300,0.0000,0.0300,0.0000,-0.2274,-0.0569,-0.2274,-0.0569,-50.04,-0.5036,0.4964,28.93,-0.6805,0.3337,-21.13,0.000000,0.4531,-0.3906,0.0300
76.20,0.0300,0.0000,0.0300,0.0000,0.0200,0.0000,-0.2218,-0.0569,-0.2223,-0.0569,-49.17,-0.5036,0.4964,28.93,-0.6805,0.3337,-21.13,0.000000,0.4586,-0.3906,0.0200
76.40,0.0100,0.0000,0.0000,0.0000,0.0000,0.0000,-0.2188,-0.0569,-0.2188,-0.0569,-49.11,-0.5036,0.4964,28.93,-0.6805,0.3337,-21.13,0.000000,0.4617,-0.3906,0.0000
76.60,-0.0100,0.0000,0.0000,0.0000,0.0000,0.0000,-0.2188,-0.0569,-0.2188,-0.0569,-48.50,-0.5078,0.5017,29.01,-0.6715,0.3459,-19.70,0.033140,0.4527,-0.4027,0.0000
76.80,-0.0100,0.0000,0.0000,0.0000,-0.0000,0.0000,-0.2205,-0.0569,-0.2205,-0.0569,-48.11,-0.5078,0.5017,29.01,-0.6715,0.3459,-19.70,0.000000,0.4511,-0.4027,0.0000
77.01,-0.0100,0.0000,0.0000,0.0000,-0.0000,0.0000,-0.2205,-0.0569,-0.2205,-0.0569,-48.54,-0.5078,0.5017,29.01,-0.6715,0.3459,-19.70,0.000000,0.4511,-0.4027,0.0000
77.21,0.0000,-0.0100,0.0000,0.0000,-0.0000,0.0000,-0.2205,-0.0569,-0.2205,-0.0569,-48.81,-0.5078,0.5017,29.01,-0.6715,0.3459,-19.70,0.000000,0.4511,-0.4027,0.0000
77.42,0.0000,-0.0300,0.0000,-0.0300,-0.0000,-0.0200,-0.2205,-0.0588,-0.2205,-0.0584,-47.95,-0.5078,0.5017,29.01,-0.6715,0.3459,-19.70,0.000000,0.4511,-0.4046,0.0200
77.62,0.0200,-0.0200,0.0200,-0.0200,-0.0000,-0.0200,-0.2205,-0.0634,-0.2205,-0.0630,-47.54,-0.5078,0.5017,29.01,-0.6715,0.3459,-19.70,0.000000,0.4511,-0.4093,0.0200
77.83,0.0300,-0.0100,0.0300,0.0000,0.0297,-0.0000,-0.2163,-0.0658,-0.2163,-0.0658,-47.26,-0.5053,0.4940,29.25,-0.6659,0.3307,-18.24,0.038043,0.4496,-0.3965,0.0297
78.03,0.0200,-0.0100,0.0200,0.0000,0.0200,-0.0000,-0.2110,-0.0658,-0.2110,-0.0658,-46.95,-0.5053,0.4940,29.25,-0.6659,0.3307,-18.24,0.000000,0.4549,-0.3965,0.0200
78.23,0.0200,-0.0200,0.0200,0.0000,0.0200,-0.0000,-0.2072,-0.0658,-0.2072,-0.0658,-47.05,-0.5053,0.4940,29.25,-0.6659,0.3307,-18.24,0.000000,0.4587,-0.3965,0.0200
78.43,0.0200,-0.0200,0.0200,-0.0200,0.0200,-0.0200,-0.2031,-0.0693,-0.2031,-0.0693,-47.49,-0.5053,0.4940,29.25,-0.6659,0.3307,-18.24,0.000000,0.4628,-0.4000,0.0283
78.63,0.0300,-0.0100,0.0300,0.0000,0.0300,-0.0000,-0.1985,-0.0719,-0.1985,-0.0719,-47.57,-0.5053,0.4940,29.25,-0.6659,0.3307,-18.24,0.000000,0.4674,-0.4025,0.0300
78.83,0.0300,0.0000,0.0300,0.0000,0.0301,-0.0000,-0.1912,-0.0719,-0.1912,-0.0719,-47.86,-0.5016,0.4857,29.14,-0.6390,0.3269,-18.43,0.045328,0.4478,-0.3987,0.0000
79.03,0.0300,-0.0100,0.0300,0.0000,0.0200,-0.0000,-0.1863,-0.0719,-0.1863,-0.0719,-48.02,-0.5016,0.4857,29.14,-0.6390,0.3269,-18.43,0.000000,0.4527,-0.3987,0.0200
79.23,0.0400,-0.0100,0.0400,0.0000,0.0400,-0.0000,-0.1797,-0.0719,-0.1797,-0.0719,-48.38,-0.5016,0.4857,29.14,-0.6390,0.3269,-18.43,0.000000,0.4593,-0.3987,0.0000
79.44,0.0200,0.0000,0.0200,0.0000,0.0000,-0.0000,-0.1745,-0.0719,-0.1745,-0.0719,-48.45,-0.5016,0.4723,28.74,-0.6206,0.3251,-19.67,0.065861,0.4461,-0.3970,0.0000
79.64,0.0300,-0.0100,0.0300,0.0000,0.0304,-0.0033,-0.1683,-0.0725,-0.1683,-0.0725,-48.44,-0.5016,0.4723,28.74,-0.6206,0.3251,-19.67,0.000000,0.4523,-0.3977,0.0000
79.85,0.0300,-0.0100,0.0300,0.0000,0.0300,-0.0000,-0.1621,-0.0726,-0.1621,-0.0726,-48.50,-0.5016,0.4723,28.74,-0.6206,0.3251,-19.67,0.000000,0.4584,-0.3977,0.0000
80.05,0.0400,-0.0100,0.0400,0.0000,0.0394,-0.0000,-0.1561,-0.0726,-0.1561,-0.0726,-48.55,-0.5016,0.4723,28.74,-0.6206,0.3251,-19.67,0.000000,0.4645,-0.3977,0.0000
80.25,0.0300,-0.0100,0.0300,0.0000,0.0400,-0.0003,-0.1479,-0.0733,-0.1479,-0.0733,-48.55,-0.4875,0.4732,28.28,-0.5866,0.3374,-20.31,0.070058,0.4387,-0.4106,0.0000
80.45,0.0400,-0.0100,0.0400,0.0000,0.0400,-0.0000,-0.1407,-0.0733,-0.1407,-0.0733,-48.61,-0.4875,0.4732,28.28,-0.5866,0.3374,-20.31,0.000000,0.4459,-0.4107,0.0000
80.65,0.0300,-0.0100,0.0300,0.0000,0.0317,-0.0000,-0.1333,-0.0733,-0.1333,-0.0733,-48.71,-0.4875,0.4732,28.28,-0.5866,0.3374,-20.31,0.000000,0.4533,-0.4107,0.0000
80.86,0.0200,-0.0100,0.0200,0.0000,0.0210,-0.0000,-0.1262,-0.0733,-0.1267,-0.0733,-48.83,-0.4864,0.4738,28.25,-0.5660,0.3479,-20.47,0.006052,0.4398,-0.4212,0.0210
81.06,0.0300,-0.0100,0.0300,0.0000,0.0301,-0.0000,-0.1195,-0.0733,-0.1195,-0.0733,-48.88,-0.4864,0.4738,28.25,-0.5660,0.3479,-20.47,0.000000,0.4465,-0.4212,0.0000
81.26,0.0200,-0.0200,0.0200,-0.0200,0.0300,-0.0190,-0.1139,-0.0739,-0.1139,-0.0739,-48.73,-0.4864,0.4738,28.25,-0.5660,0.3479,-20.47,0.000000,0.4521,-0.4218,0.0000
81.46,0.0200,-0.0200,0.0200,-0.0200,0.0324,-0.0290,-0.1098,-0.0760,-0.1098,-0.0760,-48.71,-0.4864,0.4738,28.25,-0.5660,0.3479,-20.47,0.000000,0.4562,-0.4239,0.0000
81.66,0.0200,-0.0100,0.0200,0.0000,0.0195,-0.0200,-0.1061,-0.0781,-0.1061,-0.0781,-48.69,-0.4885,0.4711,28.05,-0.5486,0.3523,-20.66,0.017140,0.4425,-0.4304,0.0280
81.86,0.0200,-0.0100,0.0200,0.0000,0.0200,-0.0199,-0.1020,-0.0790,-0.1020,-0.0790,-48.70,-0.4885,0.4711,28.05,-0.5486,0.3523,-20.66,0.000000,0.4466,-0.4313,0.0282
82.07,0.0200,0.0000,0.0200,0.0000,0.0200,-0.0000,-0.0978,-0.0795,-0.0978,-0.0795,-48.70,-0.4885,0.4711,28.05,-0.5486,0.3523,-20.66,0.000000,0.4508,-0.4318,0.0200
82.27,0.0200,0.0000,0.0200,0.0000,0.0200,-0.0000,-0.0940,-0.0795,-0.0940,-0.0795,-48.70,-0.4885,0.4711,28.05,-0.5486,0.3523,-20.66,0.000000,0.4546,-0.4318,0.0200
82.47,0.0200,0.0000,0.0200,0.0000,0.0200,-0.0000,-0.0901,-0.0795,-0.0901,-0.0795,-48.70,-0.4885,0.4711,28.05,-0.5486,0.3523,-20.66,0.000000,0.4585,-0.4318,0.0200
82.68,0.0200,0.0000,0.0200,0.0000,0.0200,-0.0000,-0.0857,-0.0795,-0.0859,-0.0795,-48.71,-0.4806,0.4788,28.02,-0.5212,0.3672,-20.69,0.055251,0.4355,-0.4467,0.0200
82.88,0.0200,0.0000,0.0200,0.0000,0.0002,-0.0000,-0.0818,-0.0795,-0.0818,-0.0795,-48.72,-0.4806,0.4788,28.02,-0.5212,0.3672,-20.69,0.000000,0.4394,-0.4467,0.0002
83.09,0.0100,0.0000,0.0000,0.0000,0.0000,-0.0000,-0.0813,-0.0795,-0.0813,-0.0795,-48.73,-0.4806,0.4788,28.02,-0.5212,0.3672,-20.69,0.000000,0.4399,-0.4467,0.0000
83.29,0.0100,0.0000,0.0000,0.0000,0.0000,-0.0000,-0.0813,-0.0795,-0.0813,-0.0795,-48.73,-0.4806,0.4788,28.02,-0.5212,0.3672,-20.69,0.000000,0.4399,-0.4467,0.0000
83.49,0.0100,0.0000,0.0000,0.0000,0.0000,-0.0000,-0.0813,-0.0795,-0.0813,-0.0795,-48.73,-0.4806,0.4788,28.02,-0.5212,0.3672,-20.69,0.000000,0.4399,-0.4467,0.0000
83.70,0.0100,0.0000,0.0000,0.0000,0.0000,-0.0000,-0.0813,-0.0795,-0.0813,-0.0795,-48.73,-0.4806,0.4788,28.02,-0.5212,0.3672,-20.69,0.000000,0.4399,-0.4467,0.0000
83.90,0.0100,0.0000,0.0000,0.0000,0.0000,-0.0000,-0.0813,-0.0795,-0.0813,-0.0795,-48.74,-0.4806,0.4788,28.02,-0.5212,0.3672,-20.69,0.000000,0.4399,-0.4467,0.0000
84.10,0.0100,0.0000,0.0000,0.0000,0.0000,-0.0000,-0.0813,-0.0795,-0.0813,-0.0795,-48.73,-0.4806,0.4788,28.02,-0.5212,0.3672,-20.69,0.000000,0.4399,-0.4467,0.0000
84.31,0.0100,0.0000,0.0000,0.0000,0.0000,-0.0000,-0.0813,-0.0795,-0.0813,-0.0795,-48.74,-0.4806,0.4788,28.02,-0.5212,0.3672,-20.69,0.000000,0.4399,-0.4467,0.0000
84.51,0.0100,0.0000,0.0000,0.0000,0.0000,-0.0000,-0.0813,-0.0795,-0.0813,-0.0795,-48.74,-0.4806,0.4788,28.02,-0.5212,0.3672,-20.69,0.000000,0.4399,-0.4467,0.0000
84.71,0.0100,0.0000,0.0000,0.0000,0.0000,-0.0000,-0.0813,-0.0795,-0.0813,-0.0795,-48.75,-0.4806,0.4788,28.02,-0.5212,0.3672,-20.69,0.000000,0.4399,-0.4467,0.0000
84.91,0.0100,0.0000,0.0000,0.0000,0.0000,-0.0000,-0.0813,-0.0795,-0.0813,-0.0795,-48.75,-0.4806,0.4788,28.02,-0.5212,0.3672,-20.69,0.000000,0.4399,-0.4467,0.0000
85.12,0.0100,0.0000,0.0000,0.0000,0.0000,-0.0000,-0.0813,-0.0795,-0.0813,-0.0795,-48.75,-0.4806,0.4788,28.02,-0.5212,0.3672,-20.69,0.000000,0.4399,-0.4467,0.0000
85.33,0.0100,0.0000,0.0000,0.0000,0.0000,-0.0000,-0.0813,-0.0795,-0.0813,-0.0795,-48.76,-0.4806,0.4788,28.02,-0.5212,0.3672,-20.69,0.000000,0.4399,-0.4467,0.0000
85.53,0.0100,0.0000,0.0000,0.0000,0.0000,-0.0000,-0.0813,-0.0795,-0.0813,-0.0795,-48.77,-0.4806,0.4788,28.02,-0.5212,0.3672,-20.69,0.000000,0.4399,-0.4467,0.0000
85.73,0.0100,0.0000,0.0000,0.0000,0.0000,-0.0000,-0.0813,-0.0795,-0.0813,-0.0795,-48.78,-0.4806,0.4788,28.02,-0.5212,0.3672,-20.69,0.000000,0.4399,-0.4467,0.0000
85.93,0.0100,0.0000,0.0000,0.0000,0.0000,-0.0000,-0.0813,-0.0795,-0.0813,-0.0795,-48.78,-0.4806,0.4788,28.02,-0.5212,0.3672,-20.69,0.000000,0.4399,-0.4467,0.0000
86.13,0.0100,0.0000,0.0000,0.0000,0.0000,-0.0000,-0.0813,-0.0795,-0.0813,-0.0795,-48.78,-0.4806,0.4788,28.02,-0.5212,0.3672,-20.69,0.000000,0.4399,-0.4467,0.0000
86.34,0.0100,0.0000,0.0000,0.0000,0.0000,-0.0000,-0.0813,-0.0795,-0.0813,-0.0795,-48.78,-0.4806,0.4788,28.02,-0.5212,0.3672,-20.69,0.000000,0.4399,-0.4467,0.0000
86.54,0.0100,0.0000,0.0000,0.0000,0.0000,-0.0000,-0.0813,-0.0795,-0.0813,-0.0795,-48.78,-0.4806,0.4788,28.02,-0.5212,0.3672,-20.69,0.000000,0.4399,-0.4467,0.0000
86.74,0.0100,0.0000,0.0000,0.0000,0.0000,-0.0000,-0.0813,-0.0795,-0.0813,-0.0795,-48.79,-0.4806,0.4788,28.02,-0.5212,0.3672,-20.69,0.000000,0.4399,-0.4467,0.0000
86.95,0.0100,0.0000,0.0000,0.0000,0.0000,-0.0000,-0.0813,-0.0795,-0.0813,-0.0795,-48.80,-0.4806,0.4788,28.02,-0.5212,0.3672,-20.69,0.000000,0.4399,-0.4467,0.0000
87.15,0.0100,0.0000,0.0000,0.0000,0.0000,-0.0000,-0.0813,-0.0795,-0.0813,-0.0795,-48.81,-0.4806,0.4788,28.02,-0.5212,0.3672,-20.69,0.000000,0.4399,-0.4467,0.0000
87.35,0.0100,0.0000,0.0000,0.0000,0.0000,-0.0000,-0.0813,-0.0795,-0.0813,-0.0795,-48.81,-0.4806,0.4788,28.02,-0.5212,0.3672,-20.69,0.000000,0.4399,-0.4467,0.0000
87.55,0.0000,0.0000,0.0000,0.0000,0.0000,-0.0000,-0.0813,-0.0795,-0.0813,-0.0795,-48.82,-0.4806,0.4788,28.02,-0.5212,0.3672,-20.69,0.000000,0.4399,-0.4467,0.0000
87.76,0.0000,0.0000,0.0000,0.0000,0.0000,-0.0000,-0.0813,-0.0795,-0.0813,-0.0795,-48.82,-0.4806,0.4788,28.02,-0.5212,0.3672,-20.69,0.000000,0.4399,-0.4467,0.0000
87.96,0.0000,0.0000,0.0000,0.0000,0.0000,0.0000,-0.0813,-0.0795,-0.0813,-0.0795,-48.81,-0.4806,0.4788,28.02,-0.5212,0.3672,-20.69,0.000000,0.4399,-0.4467,0.0000
88.16,0.0000,0.0000,0.0000,0.0000,0.0000,0.0000,-0.0813,-0.0795,-0.0813,-0.0795,-48.82,-0.4806,0.4788,28.02,-0.5212,0.3672,-20.69,0.000000,0.4399,-0.4467,0.0000
88.37,0.0000,0.0000,0.0000,0.0000,0.0000,0.0000,-0.0813,-0.0795,-0.0813,-0.0795,-48.82,-0.4806,0.4788,28.02,-0.5212,0.3672,-20.69,0.000000,0.4399,-0.4467,0.0000
88.57,0.0000,0.0000,0.0000,0.0000,0.0000,0.0000,-0.0813,-0.0795,-0.0813,-0.0795,-48.83,-0.4806,0.4788,28.02,-0.5212,0.3672,-20.69,0.000000,0.4399,-0.4467,0.0000
88.77,0.0000,0.0000,0.0000,0.0000,0.0000,0.0000,-0.0813,-0.0795,-0.0813,-0.0795,-48.84,-0.4806,0.4788,28.02,-0.5212,0.3672,-20.69,0.000000,0.4399,-0.4467,0.0000
88.97,0.0000,0.0000,0.0000,0.0000,0.0000,0.0000,-0.0813,-0.0795,-0.0813,-0.0795,-48.83,-0.4806,0.4788,28.02,-0.5212,0.3672,-20.69,0.000000,0.4399,-0.4467,0.0000
89.17,0.0000,0.0000,0.0000,0.0000,0.0000,0.0000,-0.0813,-0.0795,-0.0813,-0.0795,-48.84,-0.4806,0.4788,28.02,-0.5212,0.3672,-20.69,0.000000,0.4399,-0.4467,0.0000
89.37,0.0000,0.0000,0.0000,0.0000,0.0000,0.0000,-0.0813,-0.0795,-0.0813,-0.0795,-48.84,-0.4806,0.4788,28.02,-0.5212,0.3672,-20.69,0.000000,0.4399,-0.4467,0.0000
89.58,0.0000,0.0000,0.0000,0.0000,0.0000,0.0000,-0.0813,-0.0795,-0.0813,-0.0795,-48.84,-0.4806,0.4788,28.02,-0.5212,0.3672,-20.69,0.000000,0.4399,-0.4467,0.0000
89.78,0.0000,0.0000,0.0000,0.0000,0.0000,0.0000,-0.0813,-0.0795,-0.0813,-0.0795,-48.84,-0.4806,0.4788,28.02,-0.5212,0.3672,-20.69,0.000000,0.4399,-0.4467,0.0000
89.99,0.0000,0.0000,0.0000,0.0000,0.0000,0.0000,-0.0813,-0.0795,-0.0813,-0.0795,-48.84,-0.4806,0.4788,28.02,-0.5212,0.3672,-20.69,0.000000,0.4399,-0.4467,0.0000
90.19,0.0000,0.0000,0.0000,0.0000,0.0000,0.0000,-0.0813,-0.0795,-0.0813,-0.0795,-48.85,-0.4806,0.4788,28.02,-0.5212,0.3672,-20.69,0.000000,0.4399,-0.4467,0.0000
90.39,0.0000,0.0000,0.0000,0.0000,0.0000,0.0000,-0.0813,-0.0795,-0.0813,-0.0795,-48.85,-0.4806,0.4788,28.02,-0.5212,0.3672,-20.69,0.000000,0.4399,-0.4467,0.0000
90.59,0.0000,0.0000,0.0000,0.0000,0.0000,0.0000,-0.0813,-0.0795,-0.0813,-0.0795,-48.85,-0.4806,0.4788,28.02,-0.5212,0.3672,-20.69,0.000000,0.4399,-0.4467,0.0000
90.80,0.0000,0.0000,0.0000,0.0000,0.0000,0.0000,-0.0813,-0.0795,-0.0813,-0.0795,-48.85,-0.4806,0.4788,28.02,-0.5212,0.3672,-20.69,0.000000,0.4399,-0.4467,0.0000
91.00,0.0000,0.0000,0.0000,0.0000,0.0000,0.0000,-0.0813,-0.0795,-0.0813,-0.0795,-48.86,-0.4806,0.4788,28.02,-0.5212,0.3672,-20.69,0.000000,0.4399,-0.4467,0.0000
91.20,0.0000,0.0000,0.0000,0.0000,0.0000,0.0000,-0.0813,-0.0795,-0.0813,-0.0795,-48.87,-0.4806,0.4788,28.02,-0.5212,0.3672,-20.69,0.000000,0.4399,-0.4467,0.0000
91.41,0.0000,0.0000,0.0000,0.0000,0.0000,0.0000,-0.0813,-0.0795,-0.0813,-0.0795,-48.88,-0.4806,0.4788,28.02,-0.5212,0.3672,-20.69,0.000000,0.4399,-0.4467,0.0000
91.61,0.0000,0.0000,0.0000,0.0000,0.0000,0.0000,-0.0813,-0.0795,-0.0813,-0.0795,-48.88,-0.4806,0.4788,28.02,-0.5212,0.3672,-20.69,0.000000,0.4399,-0.4467,0.0000
91.81,0.0000,0.0000,0.0000,0.0000,0.0000,0.0000,-0.0813,-0.0795,-0.0813,-0.0795,-48.89,-0.4806,0.4788,28.02,-0.5212,0.3672,-20.69,0.000000,0.4399,-0.4467,0.0000
92.02,0.0000,0.0000,0.0000,0.0000,0.0000,0.0000,-0.0813,-0.0795,-0.0813,-0.0795,-48.89,-0.4806,0.4788,28.02,-0.5212,0.3672,-20.69,0.000000,0.4399,-0.4467,0.0000
92.22,0.0000,0.0000,0.0000,0.0000,0.0000,0.0000,-0.0813,-0.0795,-0.0813,-0.0795,-48.89,-0.4806,0.4788,28.02,-0.5212,0.3672,-20.69,0.000000,0.4399,-0.4467,0.0000
92.42,0.0000,0.0000,0.0000,0.0000,0.0000,0.0000,-0.0813,-0.0795,-0.0813,-0.0795,-48.90,-0.4806,0.4788,28.02,-0.5212,0.3672,-20.69,0.000000,0.4399,-0.4467,0.0000
92.62,0.0000,0.0000,0.0000,0.0000,0.0000,0.0000,-0.0813,-0.0795,-0.0813,-0.0795,-48.89,-0.4806,0.4788,28.02,-0.5212,0.3672,-20.69,0.000000,0.4399,-0.4467,0.0000
92.82,0.0000,0.0000,0.0000,0.0000,0.0000,0.0000,-0.0813,-0.0795,-0.0813,-0.0795,-48.90,-0.4806,0.4788,28.02,-0.5212,0.3672,-20.69,0.000000,0.4399,-0.4467,0.0000
93.02,0.0000,0.0000,0.0000,0.0000,0.0000,0.0000,-0.0813,-0.0795,-0.0813,-0.0795,-48.91,-0.4806,0.4788,28.02,-0.5212,0.3672,-20.69,0.000000,0.4399,-0.4467,0.0000
93.23,0.0000,0.0000,0.0000,0.0000,0.0000,0.0000,-0.0813,-0.0795,-0.0813,-0.0795,-48.92,-0.4806,0.4788,28.02,-0.5212,0.3672,-20.69,0.000000,0.4399,-0.4467,0.0000
93.43,0.0000,0.0000,0.0000,0.0000,0.0000,0.0000,-0.0813,-0.0795,-0.0813,-0.0795,-48.93,-0.4806,0.4788,28.02,-0.5212,0.3672,-20.69,0.000000,0.4399,-0.4467,0.0000
93.63,0.0000,0.0000,0.0000,0.0000,0.0000,0.0000,-0.0813,-0.0795,-0.0813,-0.0795,-48.93,-0.4806,0.4788,28.02,-0.5212,0.3672,-20.69,0.000000,0.4399,-0.4467,0.0000
93.83,0.0000,0.0000,0.0000,0.0000,0.0000,0.0000,-0.0813,-0.0795,-0.0813,-0.0795,-48.93,-0.4806,0.4788,28.02,-0.5212,0.3672,-20.69,0.000000,0.4399,-0.4467,0.0000
94.03,0.0000,0.0000,0.0000,0.0000,0.0000,0.0000,-0.0813,-0.0795,-0.0813,-0.0795,-48.94,-0.4806,0.4788,28.02,-0.5212,0.3672,-20.69,0.000000,0.4399,-0.4467,0.0000
94.24,0.0000,0.0000,0.0000,0.0000,0.0000,0.0000,-0.0813,-0.0795,-0.0813,-0.0795,-48.94,-0.4806,0.4788,28.02,-0.5212,0.3672,-20.69,0.000000,0.4399,-0.4467,0.0000
94.44,0.0000,0.0000,0.0000,0.0000,0.0000,0.0000,-0.0813,-0.0795,-0.0813,-0.0795,-48.95,-0.4806,0.4788,28.02,-0.5212,0.3672,-20.69,0.000000,0.4399,-0.4467,0.0000
94.64,0.0000,0.0000,0.0000,0.0000,0.0000,0.0000,-0.0813,-0.0795,-0.0813,-0.0795,-48.95,-0.4806,0.4788,28.02,-0.5212,0.3672,-20.69,0.000000,0.4399,-0.4467,0.0000
94.84,0.0000,0.0000,0.0000,0.0000,0.0000,0.0000,-0.0813,-0.0795,-0.0813,-0.0795,-48.94,-0.4806,0.4788,28.02,-0.5212,0.3672,-20.69,0.000000,0.4399,-0.4467,0.0000
95.05,0.0000,0.0000,0.0000,0.0000,0.0000,0.0000,-0.0813,-0.0795,-0.0813,-0.0795,-48.94,-0.4806,0.4788,28.02,-0.5212,0.3672,-20.69,0.000000,0.4399,-0.4467,0.0000
95.25,0.0000,0.0000,0.0000,0.0000,0.0000,0.0000,-0.0813,-0.0795,-0.0813,-0.0795,-48.95,-0.4806,0.4788,28.02,-0.5212,0.3672,-20.69,0.000000,0.4399,-0.4467,0.0000
95.45,0.0000,0.0000,0.0000,0.0000,0.0000,0.0000,-0.0813,-0.0795,-0.0813,-0.0795,-48.96,-0.4806,0.4788,28.02,-0.5212,0.3672,-20.69,0.000000,0.4399,-0.4467,0.0000
95.65,0.0100,0.0000,0.0000,0.0000,0.0000,0.0000,-0.0813,-0.0795,-0.0813,-0.0795,-48.96,-0.4806,0.4788,28.02,-0.5212,0.3672,-20.69,0.000000,0.4399,-0.4467,0.0000
95.85,0.0100,0.0000,0.0000,0.0000,0.0000,0.0000,-0.0813,-0.0795,-0.0813,-0.0795,-48.96,-0.4806,0.4788,28.02,-0.5212,0.3672,-20.69,0.000000,0.4399,-0.4467,0.0000
96.05,0.0000,0.0000,0.0000,0.0000,0.0000,0.0000,-0.0813,-0.0795,-0.0813,-0.0795,-48.97,-0.4806,0.4788,28.02,-0.5212,0.3672,-20.69,0.000000,0.4399,-0.4467,0.0000
96.26,0.0100,0.0000,0.0000,0.0000,0.0000,0.0000,-0.0813,-0.0795,-0.0813,-0.0795,-48.97,-0.4806,0.4788,28.02,-0.5212,0.3672,-20.69,0.000000,0.4399,-0.4467,0.0000
96.46,0.0100,0.0000,0.0000,0.0000,0.0000,0.0000,-0.0813,-0.0795,-0.0813,-0.0795,-48.96,-0.4806,0.4788,28.02,-0.5212,0.3672,-20.69,0.000000,0.4399,-0.4467,0.0000
96.67,0.0000,0.0000,0.0000,0.0000,0.0000,0.0000,-0.0813,-0.0795,-0.0813,-0.0795,-48.98,-0.4806,0.4788,28.02,-0.5212,0.3672,-20.69,0.000000,0.4399,-0.4467,0.0000
96.87,0.0000,0.0000,0.0000,0.0000,0.0000,0.0000,-0.0813,-0.0795,-0.0813,-0.0795,-48.98,-0.4806,0.4788,28.02,-0.5212,0.3672,-20.69,0.000000,0.4399,-0.4467,0.0000
97.07,0.0000,0.0000,0.0000,0.0000,0.0000,0.0000,-0.0813,-0.0795,-0.0813,-0.0795,-48.98,-0.4806,0.4788,28.02,-0.5212,0.3672,-20.69,0.000000,0.4399,-0.4467,0.0000
97.27,0.0000,0.0000,0.0000,0.0000,0.0000,0.0000,-0.0813,-0.0795,-0.0813,-0.0795,-48.98,-0.4806,0.4788,28.02,-0.5212,0.3672,-20.69,0.000000,0.4399,-0.4467,0.0000
97.47,0.0000,0.0000,0.0000,0.0000,0.0000,0.0000,-0.0813,-0.0795,-0.0813,-0.0795,-48.98,-0.4806,0.4788,28.02,-0.5212,0.3672,-20.69,0.000000,0.4399,-0.4467,0.0000
97.67,0.0000,0.0000,0.0000,0.0000,0.0000,0.0000,-0.0813,-0.0795,-0.0813,-0.0795,-48.98,-0.4806,0.4788,28.02,-0.5212,0.3672,-20.69,0.000000,0.4399,-0.4467,0.0000
97.87,0.0000,0.0000,0.0000,0.0000,0.0000,0.0000,-0.0813,-0.0795,-0.0813,-0.0795,-48.99,-0.4806,0.4788,28.02,-0.5212,0.3672,-20.69,0.000000,0.4399,-0.4467,0.0000
98.08,0.0000,0.0000,0.0000,0.0000,0.0000,0.0000,-0.0813,-0.0795,-0.0813,-0.0795,-48.99,-0.4806,0.4788,28.02,-0.5212,0.3672,-20.69,0.000000,0.4399,-0.4467,0.0000
98.28,0.0000,0.0000,0.0000,0.0000,0.0000,0.0000,-0.0813,-0.0795,-0.0813,-0.0795,-49.00,-0.4806,0.4788,28.02,-0.5212,0.3672,-20.69,0.000000,0.4399,-0.4467,0.0000
98.48,0.0000,0.0000,0.0000,0.0000,0.0000,0.0000,-0.0813,-0.0795,-0.0813,-0.0795,-49.00,-0.4806,0.4788,28.02,-0.5212,0.3672,-20.69,0.000000,0.4399,-0.4467,0.0000
98.69,0.0000,0.0000,0.0000,0.0000,0.0000,0.0000,-0.0813,-0.0795,-0.0813,-0.0795,-49.02,-0.4806,0.4788,28.02,-0.5212,0.3672,-20.69,0.000000,0.4399,-0.4467,0.0000
98.89,0.0000,0.0000,0.0000,0.0000,0.0000,0.0000,-0.0813,-0.0795,-0.0813,-0.0795,-49.03,-0.4806,0.4788,28.02,-0.5212,0.3672,-20.69,0.000000,0.4399,-0.4467,0.0000
99.09,0.0000,0.0000,0.0000,0.0000,0.0000,0.0000,-0.0813,-0.0795,-0.0813,-0.0795,-49.03,-0.4806,0.4788,28.02,-0.5212,0.3672,-20.69,0.000000,0.4399,-0.4467,0.0000
99.29,0.0000,0.0000,0.0000,0.0000,0.0000,0.0000,-0.0813,-0.0795,-0.0813,-0.0795,-49.04,-0.4806,0.4788,28.02,-0.5212,0.3672,-20.69,0.000000,0.4399,-0.4467,0.0000
99.49,0.0000,0.0000,0.0000,0.0000,0.0000,0.0000,-0.0813,-0.0795,-0.0813,-0.0795,-49.04,-0.4806,0.4788,28.02,-0.5212,0.3672,-20.69,0.000000,0.4399,-0.4467,0.0000
99.70,0.0000,0.0000,0.0000,0.0000,0.0000,0.0000,-0.0813,-0.0795,-0.0813,-0.0795,-49.05,-0.4806,0.4788,28.02,-0.5212,0.3672,-20.69,0.000000,0.4399,-0.4467,0.0000
99.90,0.0000,0.0000,0.0000,0.0000,0.0000,0.0000,-0.0813,-0.0795,-0.0813,-0.0795,-49.05,-0.4806,0.4788,28.02,-0.5212,0.3672,-20.69,0.000000,0.4399,-0.4467,0.0000
100.10,0.0000,0.0000,0.0000,0.0000,0.0000,0.0000,-0.0813,-0.0795,-0.0813,-0.0795,-49.05,-0.4806,0.4788,28.02,-0.5212,0.3672,-20.69,0.000000,0.4399,-0.4467,0.0000
100.31,0.0000,0.0000,0.0000,0.0000,0.0000,0.0000,-0.0813,-0.0795,-0.0813,-0.0795,-49.05,-0.4806,0.4788,28.02,-0.5212,0.3672,-20.69,0.000000,0.4399,-0.4467,0.0000
100.51,0.0000,0.0000,0.0000,0.0000,0.0000,0.0000,-0.0813,-0.0795,-0.0813,-0.0795,-49.06,-0.4806,0.4788,28.02,-0.5212,0.3672,-20.69,0.000000,0.4399,-0.4467,0.0000
100.71,0.0000,0.0000,0.0000,0.0000,0.0000,0.0000,-0.0813,-0.0795,-0.0813,-0.0795,-49.06,-0.4806,0.4788,28.02,-0.5212,0.3672,-20.69,0.000000,0.4399,-0.4467,0.0000
100.91,0.0000,0.0000,0.0000,0.0000,0.0000,0.0000,-0.0813,-0.0795,-0.0813,-0.0795,-49.06,-0.4806,0.4788,28.02,-0.5212,0.3672,-20.69,0.000000,0.4399,-0.4467,0.0000
101.11,0.0000,0.0000,0.0000,0.0000,0.0000,0.0000,-0.0813,-0.0795,-0.0813,-0.0795,-49.06,-0.4806,0.4788,28.02,-0.5212,0.3672,-20.69,0.000000,0.4399,-0.4467,0.0000
101.32,0.0000,0.0000,0.0000,0.0000,0.0000,0.0000,-0.0813,-0.0795,-0.0813,-0.0795,-49.07,-0.4806,0.4788,28.02,-0.5212,0.3672,-20.69,0.000000,0.4399,-0.4467,0.0000
101.53,0.0000,0.0000,0.0000,0.0000,0.0000,0.0000,-0.0813,-0.0795,-0.0813,-0.0795,-49.08,-0.4806,0.4788,28.02,-0.5212,0.3672,-20.69,0.000000,0.4399,-0.4467,0.0000
101.73,0.0000,0.0000,0.0000,0.0000,0.0000,0.0000,-0.0813,-0.0795,-0.0813,-0.0795,-49.07,-0.4806,0.4788,28.02,-0.5212,0.3672,-20.69,0.000000,0.4399,-0.4467,0.0000
101.93,0.0000,0.0000,0.0000,0.0000,0.0000,0.0000,-0.0813,-0.0795,-0.0813,-0.0795,-49.08,-0.4806,0.4788,28.02,-0.5212,0.3672,-20.69,0.000000,0.4399,-0.4467,0.0000
102.13,0.0000,0.0000,0.0000,0.0000,0.0000,0.0000,-0.0813,-0.0795,-0.0813,-0.0795,-49.08,-0.4806,0.4788,28.02,-0.5212,0.3672,-20.69,0.000000,0.4399,-0.4467,0.0000
102.33,0.0000,0.0000,0.0000,0.0000,0.0000,0.0000,-0.0813,-0.0795,-0.0813,-0.0795,-49.08,-0.4806,0.4788,28.02,-0.5212,0.3672,-20.69,0.000000,0.4399,-0.4467,0.0000
102.54,0.0000,0.0000,0.0000,0.0000,0.0000,0.0000,-0.0813,-0.0795,-0.0813,-0.0795,-49.07,-0.4806,0.4788,28.02,-0.5212,0.3672,-20.69,0.000000,0.4399,-0.4467,0.0000
102.74,0.0000,0.0000,0.0000,0.0000,0.0000,0.0000,-0.0813,-0.0795,-0.0813,-0.0795,-49.08,-0.4806,0.4788,28.02,-0.5212,0.3672,-20.69,0.000000,0.4399,-0.4467,0.0000
102.94,0.0000,0.0000,0.0000,0.0000,0.0000,0.0000,-0.0813,-0.0795,-0.0813,-0.0795,-49.09,-0.4806,0.4788,28.02,-0.5212,0.3672,-20.69,0.000000,0.4399,-0.4467,0.0000
103.14,0.0000,0.0000,0.0000,0.0000,0.0000,0.0000,-0.0813,-0.0795,-0.0813,-0.0795,-49.10,-0.4806,0.4788,28.02,-0.5212,0.3672,-20.69,0.000000,0.4399,-0.4467,0.0000
103.35,0.0000,0.0000,0.0000,0.0000,0.0000,0.0000,-0.0813,-0.0795,-0.0813,-0.0795,-49.10,-0.4806,0.4788,28.02,-0.5212,0.3672,-20.69,0.000000,0.4399,-0.4467,0.0000
103.55,0.0000,0.0000,0.0000,0.0000,0.0000,0.0000,-0.0813,-0.0795,-0.0813,-0.0795,-49.10,-0.4806,0.4788,28.02,-0.5212,0.3672,-20.69,0.000000,0.4399,-0.4467,0.0000
103.75,0.0000,0.0000,0.0000,0.0000,0.0000,0.0000,-0.0813,-0.0795,-0.0813,-0.0795,-49.12,-0.4806,0.4788,28.02,-0.5212,0.3672,-20.69,0.000000,0.4399,-0.4467,0.0000
103.96,0.0000,0.0000,0.0000,0.0000,0.0000,0.0000,-0.0813,-0.0795,-0.0813,-0.0795,-49.12,-0.4806,0.4788,28.02,-0.5212,0.3672,-20.69,0.000000,0.4399,-0.4467,0.0000
104.16,0.0000,0.0000,0.0000,0.0000,0.0000,0.0000,-0.0813,-0.0795,-0.0813,-0.0795,-49.13,-0.4806,0.4788,28.02,-0.5212,0.3672,-20.69,0.000000,0.4399,-0.4467,0.0000
104.36,0.0000,0.0000,0.0000,0.0000,0.0000,0.0000,-0.0813,-0.0795,-0.0813,-0.0795,-49.13,-0.4806,0.4788,28.02,-0.5212,0.3672,-20.69,0.000000,0.4399,-0.4467,0.0000
104.57,0.0000,0.0000,0.0000,0.0000,0.0000,0.0000,-0.0813,-0.0795,-0.0813,-0.0795,-49.14,-0.4806,0.4788,28.02,-0.5212,0.3672,-20.69,0.000000,0.4399,-0.4467,0.0000
104.77,0.0000,0.0000,0.0000,0.0000,0.0000,0.0000,-0.0813,-0.0795,-0.0813,-0.0795,-49.14,-0.4806,0.4788,28.02,-0.5212,0.3672,-20.69,0.000000,0.4399,-0.4467,0.0000
104.97,0.0000,0.0000,0.0000,0.0000,0.0000,0.0000,-0.0813,-0.0795,-0.0813,-0.0795,-49.13,-0.4806,0.4788,28.02,-0.5212,0.3672,-20.69,0.000000,0.4399,-0.4467,0.0000
105.18,0.0000,0.0000,0.0000,0.0000,0.0000,0.0000,-0.0813,-0.0795,-0.0813,-0.0795,-49.15,-0.4806,0.4788,28.02,-0.5212,0.3672,-20.69,0.000000,0.4399,-0.4467,0.0000
105.38,0.0000,0.0000,0.0000,0.0000,0.0000,0.0000,-0.0813,-0.0795,-0.0813,-0.0795,-49.15,-0.4806,0.4788,28.02,-0.5212,0.3672,-20.69,0.000000,0.4399,-0.4467,0.0000
105.58,0.0000,0.0000,0.0000,0.0000,0.0000,0.0000,-0.0813,-0.0795,-0.0813,-0.0795,-49.16,-0.4806,0.4788,28.02,-0.5212,0.3672,-20.69,0.000000,0.4399,-0.4467,0.0000
105.78,0.0000,0.0000,0.0000,0.0000,0.0000,0.0000,-0.0813,-0.0795,-0.0813,-0.0795,-49.15,-0.4806,0.4788,28.02,-0.5212,0.3672,-20.69,0.000000,0.4399,-0.4467,0.0000
105.99,0.0000,0.0000,0.0000,0.0000,0.0000,0.0000,-0.0813,-0.0795,-0.0813,-0.0795,-49.17,-0.4806,0.4788,28.02,-0.5212,0.3672,-20.69,0.000000,0.4399,-0.4467,0.0000
106.19,0.0000,0.0000,0.0000,0.0000,0.0000,0.0000,-0.0813,-0.0795,-0.0813,-0.0795,-49.16,-0.4806,0.4788,28.02,-0.5212,0.3672,-20.69,0.000000,0.4399,-0.4467,0.0000
106.39,0.0000,0.0000,0.0000,0.0000,0.0000,0.0000,-0.0813,-0.0795,-0.0813,-0.0795,-49.17,-0.4806,0.4788,28.02,-0.5212,0.3672,-20.69,0.000000,0.4399,-0.4467,0.0000
106.59,0.0000,0.0000,0.0000,0.0000,0.0000,0.0000,-0.0813,-0.0795,-0.0813,-0.0795,-49.18,-0.4806,0.4788,28.02,-0.5212,0.3672,-20.69,0.000000,0.4399,-0.4467,0.0000
106.79,0.0000,0.0000,0.0000,0.0000,0.0000,0.0000,-0.0813,-0.0795,-0.0813,-0.0795,-49.19,-0.4806,0.4788,28.02,-0.5212,0.3672,-20.69,0.000000,0.4399,-0.4467,0.0000
107.00,0.0000,0.0000,0.0000,0.0000,0.0000,0.0000,-0.0813,-0.0795,-0.0813,-0.0795,-49.18,-0.4806,0.4788,28.02,-0.5212,0.3672,-20.69,0.000000,0.4399,-0.4467,0.0000
107.20,0.0000,0.0000,0.0000,0.0000,0.0000,0.0000,-0.0813,-0.0795,-0.0813,-0.0795,-49.18,-0.4806,0.4788,28.02,-0.5212,0.3672,-20.69,0.000000,0.4399,-0.4467,0.0000
107.41,0.0000,0.0000,0.0000,0.0000,0.0000,0.0000,-0.0813,-0.0795,-0.0813,-0.0795,-49.19,-0.4806,0.4788,28.02,-0.5212,0.3672,-20.69,0.000000,0.4399,-0.4467,0.0000
107.61,0.0000,0.0000,0.0000,0.0000,0.0000,0.0000,-0.0813,-0.0795,-0.0813,-0.0795,-49.19,-0.4806,0.4788,28.02,-0.5212,0.3672,-20.69,0.000000,0.4399,-0.4467,0.0000
107.81,0.0000,0.0000,0.0000,0.0000,0.0000,0.0000,-0.0813,-0.0795,-0.0813,-0.0795,-49.19,-0.4806,0.4788,28.02,-0.5212,0.3672,-20.69,0.000000,0.4399,-0.4467,0.0000
108.02,0.0000,0.0000,0.0000,0.0000,0.0000,0.0000,-0.0813,-0.0795,-0.0813,-0.0795,-49.19,-0.4806,0.4788,28.02,-0.5212,0.3672,-20.69,0.000000,0.4399,-0.4467,0.0000
108.22,0.0000,0.0000,0.0000,0.0000,0.0000,0.0000,-0.0813,-0.0795,-0.0813,-0.0795,-49.19,-0.4806,0.4788,28.02,-0.5212,0.3672,-20.69,0.000000,0.4399,-0.4467,0.0000
108.42,0.0000,0.0000,0.0000,0.0000,0.0000,0.0000,-0.0813,-0.0795,-0.0813,-0.0795,-49.19,-0.4806,0.4788,28.02,-0.5212,0.3672,-20.69,0.000000,0.4399,-0.4467,0.0000
108.62,0.0000,0.0000,0.0000,0.0000,0.0000,0.0000,-0.0813,-0.0795,-0.0813,-0.0795,-49.20,-0.4806,0.4788,28.02,-0.5212,0.3672,-20.69,0.000000,0.4399,-0.4467,0.0000
108.83,0.0000,0.0000,0.0000,0.0000,0.0000,0.0000,-0.0813,-0.0795,-0.0813,-0.0795,-49.21,-0.4806,0.4788,28.02,-0.5212,0.3672,-20.69,0.000000,0.4399,-0.4467,0.0000
109.03,0.0000,0.0000,0.0000,0.0000,0.0000,0.0000,-0.0813,-0.0795,-0.0813,-0.0795,-49.22,-0.4806,0.4788,28.02,-0.5212,0.3672,-20.69,0.000000,0.4399,-0.4467,0.0000
109.23,0.0000,0.0000,0.0000,0.0000,0.0000,0.0000,-0.0813,-0.0795,-0.0813,-0.0795,-49.21,-0.4806,0.4788,28.02,-0.5212,0.3672,-20.69,0.000000,0.4399,-0.4467,0.0000
109.44,0.0000,0.0000,0.0000,0.0000,0.0000,0.0000,-0.0813,-0.0795,-0.0813,-0.0795,-49.22,-0.4806,0.4788,28.02,-0.5212,0.3672,-20.69,0.000000,0.4399,-0.4467,0.0000
109.64,0.0000,0.0000,0.0000,0.0000,0.0000,0.0000,-0.0813,-0.0795,-0.0813,-0.0795,-49.23,-0.4806,0.4788,28.02,-0.5212,0.3672,-20.69,0.000000,0.4399,-0.4467,0.0000
109.84,0.0000,0.0000,0.0000,0.0000,0.0000,0.0000,-0.0813,-0.0795,-0.0813,-0.0795,-49.23,-0.4806,0.4788,28.02,-0.5212,0.3672,-20.69,0.000000,0.4399,-0.4467,0.0000
110.04,0.0000,0.0000,0.0000,0.0000,0.0000,0.0000,-0.0813,-0.0795,-0.0813,-0.0795,-49.24,-0.4806,0.4788,28.02,-0.5212,0.3672,-20.69,0.000000,0.4399,-0.4467,0.0000
110.25,0.0000,0.0000,0.0000,0.0000,0.0000,0.0000,-0.0813,-0.0795,-0.0813,-0.0795,-49.24,-0.4806,0.4788,28.02,-0.5212,0.3672,-20.69,0.000000,0.4399,-0.4467,0.0000
110.45,0.0000,0.0000,0.0000,0.0000,0.0000,0.0000,-0.0813,-0.0795,-0.0813,-0.0795,-49.24,-0.4806,0.4788,28.02,-0.5212,0.3672,-20.69,0.000000,0.4399,-0.4467,0.0000
110.65,0.0000,0.0000,0.0000,0.0000,0.0000,0.0000,-0.0813,-0.0795,-0.0813,-0.0795,-49.25,-0.4806,0.4788,28.02,-0.5212,0.3672,-20.69,0.000000,0.4399,-0.4467,0.0000
110.85,0.0000,0.0000,0.0000,0.0000,0.0000,0.0000,-0.0813,-0.0795,-0.0813,-0.0795,-49.25,-0.4806,0.4788,28.02,-0.5212,0.3672,-20.69,0.000000,0.4399,-0.4467,0.0000
111.06,0.0000,0.0000,0.0000,0.0000,0.0000,0.0000,-0.0813,-0.0795,-0.0813,-0.0795,-49.26,-0.4806,0.4788,28.02,-0.5212,0.3672,-20.69,0.000000,0.4399,-0.4467,0.0000
111.26,0.0000,0.0000,0.0000,0.0000,0.0000,0.0000,-0.0813,-0.0795,-0.0813,-0.0795,-49.26,-0.4806,0.4788,28.02,-0.5212,0.3672,-20.69,0.000000,0.4399,-0.4467,0.0000
111.47,0.0000,0.0000,0.0000,0.0000,0.0000,0.0000,-0.0813,-0.0795,-0.0813,-0.0795,-49.26,-0.4806,0.4788,28.02,-0.5212,0.3672,-20.69,0.000000,0.4399,-0.4467,0.0000
111.67,0.0000,0.0000,0.0000,0.0000,0.0000,0.0000,-0.0813,-0.0795,-0.0813,-0.0795,-49.27,-0.4806,0.4788,28.02,-0.5212,0.3672,-20.69,0.000000,0.4399,-0.4467,0.0000
111.87,0.0000,0.0000,0.0000,0.0000,0.0000,0.0000,-0.0813,-0.0795,-0.0813,-0.0795,-49.26,-0.4806,0.4788,28.02,-0.5212,0.3672,-20.69,0.000000,0.4399,-0.4467,0.0000
112.08,0.0000,0.0000,0.0000,0.0000,0.0000,0.0000,-0.0813,-0.0795,-0.0813,-0.0795,-49.27,-0.4806,0.4788,28.02,-0.5212,0.3672,-20.69,0.000000,0.4399,-0.4467,0.0000
112.28,0.0000,0.0000,0.0000,0.0000,0.0000,0.0000,-0.0813,-0.0795,-0.0813,-0.0795,-49.27,-0.4806,0.4788,28.02,-0.5212,0.3672,-20.69,0.000000,0.4399,-0.4467,0.0000
112.48,0.0000,0.0000,0.0000,0.0000,0.0000,0.0000,-0.0813,-0.0795,-0.0813,-0.0795,-49.28,-0.4806,0.4788,28.02,-0.5212,0.3672,-20.69,0.000000,0.4399,-0.4467,0.0000
112.68,0.0100,0.0000,0.0000,0.0000,0.0000,0.0000,-0.0813,-0.0795,-0.0813,-0.0795,-49.28,-0.4806,0.4788,28.02,-0.5212,0.3672,-20.69,0.000000,0.4399,-0.4467,0.0000
112.88,0.0100,0.0000,0.0000,0.0000,0.0000,0.0000,-0.0813,-0.0795,-0.0813,-0.0795,-49.29,-0.4806,0.4788,28.02,-0.5212,0.3672,-20.69,0.000000,0.4399,-0.4467,0.0000
113.08,0.0100,0.0000,0.0000,0.0000,0.0000,0.0000,-0.0813,-0.0795,-0.0813,-0.0795,-49.29,-0.4806,0.4788,28.02,-0.5212,0.3672,-20.69,0.000000,0.4399,-0.4467,0.0000
113.29,0.0100,0.0000,0.0000,0.0000,0.0000,0.0000,-0.0813,-0.0795,-0.0813,-0.0795,-49.29,-0.4806,0.4788,28.02,-0.5212,0.3672,-20.69,0.000000,0.4399,-0.4467,0.0000
113.49,0.0000,0.0000,0.0000,0.0000,0.0000,0.0000,-0.0813,-0.0795,-0.0813,-0.0795,-49.30,-0.4806,0.4788,28.02,-0.5212,0.3672,-20.69,0.000000,0.4399,-0.4467,0.0000
113.69,0.0000,0.0000,0.0000,0.0000,0.0000,0.0000,-0.0813,-0.0795,-0.0813,-0.0795,-49.30,-0.4806,0.4788,28.02,-0.5212,0.3672,-20.69,0.000000,0.4399,-0.4467,0.0000
113.90,0.0000,0.0000,0.0000,0.0000,0.0000,0.0000,-0.0813,-0.0795,-0.0813,-0.0795,-49.30,-0.4806,0.4788,28.02,-0.5212,0.3672,-20.69,0.000000,0.4399,-0.4467,0.0000
114.10,0.0000,0.0000,0.0000,0.0000,0.0000,0.0000,-0.0813,-0.0795,-0.0813,-0.0795,-49.31,-0.4806,0.4788,28.02,-0.5212,0.3672,-20.69,0.000000,0.4399,-0.4467,0.0000
114.30,0.0000,0.0000,0.0000,0.0000,0.0000,0.0000,-0.0813,-0.0795,-0.0813,-0.0795,-49.32,-0.4806,0.4788,28.02,-0.5212,0.3672,-20.69,0.000000,0.4399,-0.4467,0.0000
114.51,0.0000,0.0000,0.0000,0.0000,0.0000,0.0000,-0.0813,-0.0795,-0.0813,-0.0795,-49.33,-0.4806,0.4788,28.02,-0.5212,0.3672,-20.69,0.000000,0.4399,-0.4467,0.0000
114.71,0.0000,0.0000,0.0000,0.0000,0.0000,0.0000,-0.0813,-0.0795,-0.0813,-0.0795,-49.33,-0.4806,0.4788,28.02,-0.5212,0.3672,-20.69,0.000000,0.4399,-0.4467,0.0000
114.92,0.0000,0.0000,0.0000,0.0000,0.0000,0.0000,-0.0813,-0.0795,-0.0813,-0.0795,-49.34,-0.4806,0.4788,28.02,-0.5212,0.3672,-20.69,0.000000,0.4399,-0.4467,0.0000
115.12,0.0000,0.0000,0.0000,0.0000,0.0000,0.0000,-0.0813,-0.0795,-0.0813,-0.0795,-49.34,-0.4806,0.4788,28.02,-0.5212,0.3672,-20.69,0.000000,0.4399,-0.4467,0.0000
115.32,0.0000,0.0000,0.0000,0.0000,0.0000,0.0000,-0.0813,-0.0795,-0.0813,-0.0795,-49.35,-0.4806,0.4788,28.02,-0.5212,0.3672,-20.69,0.000000,0.4399,-0.4467,0.0000
115.53,0.0000,0.0000,0.0000,0.0000,0.0000,0.0000,-0.0813,-0.0795,-0.0813,-0.0795,-49.35,-0.4806,0.4788,28.02,-0.5212,0.3672,-20.69,0.000000,0.4399,-0.4467,0.0000
115.73,0.0000,0.0000,0.0000,0.0000,0.0000,0.0000,-0.0813,-0.0795,-0.0813,-0.0795,-49.35,-0.4806,0.4788,28.02,-0.5212,0.3672,-20.69,0.000000,0.4399,-0.4467,0.0000
115.93,-0.0100,0.0000,0.0000,0.0000,0.0000,0.0000,-0.0813,-0.0795,-0.0813,-0.0795,-49.35,-0.4806,0.4788,28.02,-0.5212,0.3672,-20.69,0.000000,0.4399,-0.4467,0.0000
116.13,-0.0100,0.0000,0.0000,0.0000,0.0000,0.0000,-0.0813,-0.0795,-0.0813,-0.0795,-49.36,-0.4806,0.4788,28.02,-0.5212,0.3672,-20.69,0.000000,0.4399,-0.4467,0.0000
116.34,-0.0100,0.0000,0.0000,0.0000,0.0000,0.0000,-0.0813,-0.0795,-0.0813,-0.0795,-49.36,-0.4806,0.4788,28.02,-0.5212,0.3672,-20.69,0.000000,0.4399,-0.4467,0.0000
116.54,-0.0100,0.0000,0.0000,0.0000,0.0000,0.0000,-0.0813,-0.0795,-0.0813,-0.0795,-49.37,-0.4806,0.4788,28.02,-0.5212,0.3672,-20.69,0.000000,0.4399,-0.4467,0.0000
116.74,-0.0100,0.0000,0.0000,0.0000,0.0000,0.0000,-0.0813,-0.0795,-0.0813,-0.0795,-49.37,-0.4806,0.4788,28.02,-0.5212,0.3672,-20.69,0.000000,0.4399,-0.4467,0.0000
116.95,-0.0100,0.0000,0.0000,0.0000,0.0000,0.0000,-0.0813,-0.0795,-0.0813,-0.0795,-49.38,-0.4806,0.4788,28.02,-0.5212,0.3672,-20.69,0.000000,0.4399,-0.4467,0.0000
117.15,-0.0100,0.0000,0.0000,0.0000,0.0000,0.0000,-0.0813,-0.0795,-0.0813,-0.0795,-49.37,-0.4806,0.4788,28.02,-0.5212,0.3672,-20.69,0.000000,0.4399,-0.4467,0.0000
117.35,-0.0100,0.0000,0.0000,0.0000,0.0000,0.0000,-0.0813,-0.0795,-0.0813,-0.0795,-49.38,-0.4806,0.4788,28.02,-0.5212,0.3672,-20.69,0.000000,0.4399,-0.4467,0.0000
117.56,-0.0100,0.0000,0.0000,0.0000,0.0000,0.0000,-0.0813,-0.0795,-0.0813,-0.0795,-49.39,-0.4806,0.4788,28.02,-0.5212,0.3672,-20.69,0.000000,0.4399,-0.4467,0.0000
117.76,0.0000,0.0000,0.0000,0.0000,0.0000,0.0000,-0.0813,-0.0795,-0.0813,-0.0795,-49.39,-0.4806,0.4788,28.02,-0.5212,0.3672,-20.69,0.000000,0.4399,-0.4467,0.0000
117.96,0.0000,0.0000,0.0000,0.0000,0.0000,0.0000,-0.0813,-0.0795,-0.0813,-0.0795,-49.40,-0.4806,0.4788,28.02,-0.5212,0.3672,-20.69,0.000000,0.4399,-0.4467,0.0000
118.16,0.0000,0.0000,0.0000,0.0000,0.0000,0.0000,-0.0813,-0.0795,-0.0813,-0.0795,-49.39,-0.4806,0.4788,28.02,-0.5212,0.3672,-20.69,0.000000,0.4399,-0.4467,0.0000
118.36,0.0000,0.0000,0.0000,0.0000,0.0000,0.0000,-0.0813,-0.0795,-0.0813,-0.0795,-49.39,-0.4806,0.4788,28.02,-0.5212,0.3672,-20.69,0.000000,0.4399,-0.4467,0.0000
118.57,0.0000,0.0000,0.0000,0.0000,0.0000,0.0000,-0.0813,-0.0795,-0.0813,-0.0795,-49.40,-0.4806,0.4788,28.02,-0.5212,0.3672,-20.69,0.000000,0.4399,-0.4467,0.0000
118.77,-0.0100,0.0000,0.0000,0.0000,0.0000,0.0000,-0.0813,-0.0795,-0.0813,-0.0795,-49.41,-0.4806,0.4788,28.02,-0.5212,0.3672,-20.69,0.000000,0.4399,-0.4467,0.0000
118.97,-0.0100,0.0000,0.0000,0.0000,0.0000,0.0000,-0.0813,-0.0795,-0.0813,-0.0795,-49.41,-0.4806,0.4788,28.02,-0.5212,0.3672,-20.69,0.000000,0.4399,-0.4467,0.0000
119.18,-0.0100,0.0000,0.0000,0.0000,0.0000,0.0000,-0.0813,-0.0795,-0.0813,-0.0795,-49.41,-0.4806,0.4788,28.02,-0.5212,0.3672,-20.69,0.000000,0.4399,-0.4467,0.0000
119.38,-0.0100,0.0000,0.0000,0.0000,0.0000,0.0000,-0.0813,-0.0795,-0.0813,-0.0795,-49.41,-0.4806,0.4788,28.02,-0.5212,0.3672,-20.69,0.000000,0.4399,-0.4467,0.0000
119.58,-0.0100,0.0000,0.0000,0.0000,0.0000,0.0000,-0.0813,-0.0795,-0.0813,-0.0795,-49.42,-0.4806,0.4788,28.02,-0.5212,0.3672,-20.69,0.000000,0.4399,-0.4467,0.0000
119.78,-0.0200,0.0000,-0.0200,0.0000,-0.0200,0.0000,-0.0838,-0.0795,-0.0838,-0.0795,-49.42,-0.4806,0.4788,28.02,-0.5212,0.3672,-20.69,0.000000,0.4374,-0.4467,0.0200
119.99,-0.0200,0.0000,-0.0200,0.0000,-0.0200,0.0000,-0.0877,-0.0795,-0.0877,-0.0795,-49.44,-0.4806,0.4788,28.02,-0.5212,0.3672,-20.69,0.000000,0.4334,-0.4467,0.0200
120.19,-0.0200,0.0000,-0.0200,0.0000,-0.0200,0.0000,-0.0918,-0.0795,-0.0918,-0.0795,-49.43,-0.4806,0.4788,28.02,-0.5212,0.3672,-20.69,0.000000,0.4294,-0.4467,0.0200
120.39,-0.0200,0.0000,-0.0200,0.0000,-0.0200,0.0000,-0.0959,-0.0795,-0.0959,-0.0795,-49.44,-0.4806,0.4788,28.02,-0.5212,0.3672,-20.69,0.000000,0.4253,-0.4467,0.0200
120.59,-0.0100,0.0000,0.0000,0.0000,-0.0002,0.0000,-0.0984,-0.0795,-0.0984,-0.0795,-49.43,-0.4806,0.4788,28.02,-0.5212,0.3672,-20.69,0.000000,0.4228,-0.4467,0.0002
120.80,-0.0100,0.0000,0.0000,0.0000,-0.0000,0.0000,-0.0984,-0.0795,-0.0984,-0.0795,-49.45,-0.4806,0.4788,28.02,-0.5212,0.3672,-20.69,0.000000,0.4228,-0.4467,0.0000
121.00,-0.0100,0.0000,0.0000,0.0000,-0.0000,0.0000,-0.0984,-0.0795,-0.0984,-0.0795,-49.45,-0.4806,0.4788,28.02,-0.5212,0.3672,-20.69,0.000000,0.4228,-0.4467,0.0000
121.20,-0.0100,0.0000,0.0000,0.0000,-0.0000,0.0000,-0.0984,-0.0795,-0.0984,-0.0795,-49.45,-0.4806,0.4788,28.02,-0.5212,0.3672,-20.69,0.000000,0.4228,-0.4467,0.0000
121.41,-0.0100,0.0000,0.0000,0.0000,-0.0000,0.0000,-0.0984,-0.0795,-0.0984,-0.0795,-49.45,-0.4806,0.4788,28.02,-0.5212,0.3672,-20.69,0.000000,0.4228,-0.4467,0.0000
121.61,-0.0100,0.0000,0.0000,0.0000,-0.0000,0.0000,-0.0984,-0.0795,-0.0984,-0.0795,-49.46,-0.4806,0.4788,28.02,-0.5212,0.3672,-20.69,0.000000,0.4228,-0.4467,0.0000
121.81,-0.0100,0.0000,0.0000,0.0000,-0.0000,0.0000,-0.0984,-0.0795,-0.0984,-0.0795,-49.47,-0.4806,0.4788,28.02,-0.5212,0.3672,-20.69,0.000000,0.4228,-0.4467,0.0000
122.02,0.0000,0.0000,0.0000,0.0000,-0.0000,0.0000,-0.0984,-0.0795,-0.0984,-0.0795,-49.48,-0.4806,0.4788,28.02,-0.5212,0.3672,-20.69,0.000000,0.4228,-0.4467,0.0000
122.22,0.0000,0.0000,0.0000,0.0000,-0.0000,0.0000,-0.0984,-0.0795,-0.0984,-0.0795,-49.48,-0.4806,0.4788,28.02,-0.5212,0.3672,-20.69,0.000000,0.4228,-0.4467,0.0000
122.42,0.0000,0.0000,0.0000,0.0000,-0.0000,0.0000,-0.0984,-0.0795,-0.0984,-0.0795,-49.48,-0.4806,0.4788,28.02,-0.5212,0.3672,-20.69,0.000000,0.4228,-0.4467,0.0000
122.62,0.0000,0.0000,0.0000,0.0000,-0.0000,0.0000,-0.0984,-0.0795,-0.0984,-0.0795,-49.49,-0.4806,0.4788,28.02,-0.5212,0.3672,-20.69,0.000000,0.4228,-0.4467,0.0000
122.82,0.0000,0.0000,0.0000,0.0000,-0.0000,0.0000,-0.0984,-0.0795,-0.0984,-0.0795,-49.49,-0.4806,0.4788,28.02,-0.5212,0.3672,-20.69,0.000000,0.4228,-0.4467,0.0000
123.02,0.0000,0.0000,0.0000,0.0000,-0.0000,0.0000,-0.0984,-0.0795,-0.0984,-0.0795,-49.49,-0.4806,0.4788,28.02,-0.5212,0.3672,-20.69,0.000000,0.4228,-0.4467,0.0000
123.23,0.0000,0.0000,0.0000,0.0000,-0.0000,0.0000,-0.0984,-0.0795,-0.0984,-0.0795,-49.50,-0.4806,0.4788,28.02,-0.5212,0.3672,-20.69,0.000000,0.4228,-0.4467,0.0000
123.43,0.0000,0.0000,0.0000,0.0000,-0.0000,0.0000,-0.0984,-0.0795,-0.0984,-0.0795,-49.50,-0.4806,0.4788,28.02,-0.5212,0.3672,-20.69,0.000000,0.4228,-0.4467,0.0000
123.63,0.0000,0.0000,0.0000,0.0000,-0.0000,0.0000,-0.0984,-0.0795,-0.0984,-0.0795,-49.51,-0.4806,0.4788,28.02,-0.5212,0.3672,-20.69,0.000000,0.4228,-0.4467,0.0000
123.84,0.0000,0.0000,0.0000,0.0000,-0.0000,0.0000,-0.0984,-0.0795,-0.0984,-0.0795,-49.52,-0.4806,0.4788,28.02,-0.5212,0.3672,-20.69,0.000000,0.4228,-0.4467,0.0000
124.04,0.0000,0.0000,0.0000,0.0000,-0.0000,0.0000,-0.0984,-0.0795,-0.0984,-0.0795,-49.52,-0.4806,0.4788,28.02,-0.5212,0.3672,-20.69,0.000000,0.4228,-0.4467,0.0000
124.24,0.0000,0.0000,0.0000,0.0000,-0.0000,0.0000,-0.0984,-0.0795,-0.0984,-0.0795,-49.53,-0.4806,0.4788,28.02,-0.5212,0.3672,-20.69,0.000000,0.4228,-0.4467,0.0000
124.44,0.0000,0.0000,0.0000,0.0000,-0.0000,0.0000,-0.0984,-0.0795,-0.0984,-0.0795,-49.53,-0.4806,0.4788,28.02,-0.5212,0.3672,-20.69,0.000000,0.4228,-0.4467,0.0000
124.64,0.0000,0.0000,0.0000,0.0000,-0.0000,0.0000,-0.0984,-0.0795,-0.0984,-0.0795,-49.53,-0.4806,0.4788,28.02,-0.5212,0.3672,-20.69,0.000000,0.4228,-0.4467,0.0000
124.85,0.0000,0.0000,0.0000,0.0000,-0.0000,0.0000,-0.0984,-0.0795,-0.0984,-0.0795,-49.54,-0.4806,0.4788,28.02,-0.5212,0.3672,-20.69,0.000000,0.4228,-0.4467,0.0000
125.05,0.0000,0.0000,0.0000,0.0000,-0.0000,0.0000,-0.0984,-0.0795,-0.0984,-0.0795,-49.54,-0.4806,0.4788,28.02,-0.5212,0.3672,-20.69,0.000000,0.4228,-0.4467,0.0000
125.25,0.0000,0.0000,0.0000,0.0000,-0.0000,0.0000,-0.0984,-0.0795,-0.0984,-0.0795,-49.55,-0.4806,0.4788,28.02,-0.5212,0.3672,-20.69,0.000000,0.4228,-0.4467,0.0000
125.45,0.0000,0.0000,0.0000,0.0000,-0.0000,0.0000,-0.0984,-0.0795,-0.0984,-0.0795,-49.56,-0.4806,0.4788,28.02,-0.5212,0.3672,-20.69,0.000000,0.4228,-0.4467,0.0000
125.65,0.0000,0.0000,0.0000,0.0000,-0.0000,0.0000,-0.0984,-0.0795,-0.0984,-0.0795,-49.57,-0.4806,0.4788,28.02,-0.5212,0.3672,-20.69,0.000000,0.4228,-0.4467,0.0000
125.86,0.0000,0.0000,0.0000,0.0000,-0.0000,0.0000,-0.0984,-0.0795,-0.0984,-0.0795,-49.56,-0.4806,0.4788,28.02,-0.5212,0.3672,-20.69,0.000000,0.4228,-0.4467,0.0000
126.06,0.0000,0.0000,0.0000,0.0000,-0.0000,0.0000,-0.0984,-0.0795,-0.0984,-0.0795,-49.57,-0.4806,0.4788,28.02,-0.5212,0.3672,-20.69,0.000000,0.4228,-0.4467,0.0000
126.26,0.0000,0.0000,0.0000,0.0000,-0.0000,0.0000,-0.0984,-0.0795,-0.0984,-0.0795,-49.57,-0.4806,0.4788,28.02,-0.5212,0.3672,-20.69,0.000000,0.4228,-0.4467,0.0000
126.47,0.0000,0.0000,0.0000,0.0000,0.0000,0.0000,-0.0984,-0.0795,-0.0984,-0.0795,-49.57,-0.4806,0.4788,28.02,-0.5212,0.3672,-20.69,0.000000,0.4228,-0.4467,0.0000
126.67,0.0000,0.0000,0.0000,0.0000,0.0000,0.0000,-0.0984,-0.0795,-0.0984,-0.0795,-49.58,-0.4806,0.4788,28.02,-0.5212,0.3672,-20.69,0.000000,0.4228,-0.4467,0.0000
126.87,0.0000,0.0000,0.0000,0.0000,0.0000,0.0000,-0.0984,-0.0795,-0.0984,-0.0795,-49.59,-0.4806,0.4788,28.02,-0.5212,0.3672,-20.69,0.000000,0.4228,-0.4467,0.0000
127.07,0.0000,0.0000,0.0000,0.0000,0.0000,0.0000,-0.0984,-0.0795,-0.0984,-0.0795,-49.58,-0.4806,0.4788,28.02,-0.5212,0.3672,-20.69,0.000000,0.4228,-0.4467,0.0000
127.28,0.0000,0.0000,0.0000,0.0000,0.0000,0.0000,-0.0984,-0.0795,-0.0984,-0.0795,-49.59,-0.4806,0.4788,28.02,-0.5212,0.3672,-20.69,0.000000,0.4228,-0.4467,0.0000
127.48,0.0000,0.0000,0.0000,0.0000,0.0000,0.0000,-0.0984,-0.0795,-0.0984,-0.0795,-49.59,-0.4806,0.4788,28.02,-0.5212,0.3672,-20.69,0.000000,0.4228,-0.4467,0.0000
127.68,0.0000,0.0000,0.0000,0.0000,0.0000,0.0000,-0.0984,-0.0795,-0.0984,-0.0795,-49.59,-0.4806,0.4788,28.02,-0.5212,0.3672,-20.69,0.000000,0.4228,-0.4467,0.0000
127.88,0.0000,0.0000,0.0000,0.0000,0.0000,0.0000,-0.0984,-0.0795,-0.0984,-0.0795,-49.59,-0.4806,0.4788,28.02,-0.5212,0.3672,-20.69,0.000000,0.4228,-0.4467,0.0000
128.08,0.0000,0.0000,0.0000,0.0000,0.0000,0.0000,-0.0984,-0.0795,-0.0984,-0.0795,-49.60,-0.4806,0.4788,28.02,-0.5212,0.3672,-20.69,0.000000,0.4228,-0.4467,0.0000
128.28,0.0000,0.0000,0.0000,0.0000,0.0000,0.0000,-0.0984,-0.0795,-0.0984,-0.0795,-49.60,-0.4806,0.4788,28.02,-0.5212,0.3672,-20.69,0.000000,0.4228,-0.4467,0.0000
128.49,0.0000,0.0000,0.0000,0.0000,0.0000,0.0000,-0.0984,-0.0795,-0.0984,-0.0795,-49.60,-0.4806,0.4788,28.02,-0.5212,0.3672,-20.69,0.000000,0.4228,-0.4467,0.0000
128.69,0.0000,0.0000,0.0000,0.0000,0.0000,0.0000,-0.0984,-0.0795,-0.0984,-0.0795,-49.60,-0.4806,0.4788,28.02,-0.5212,0.3672,-20.69,0.000000,0.4228,-0.4467,0.0000
128.89,0.0000,0.0000,0.0000,0.0000,0.0000,0.0000,-0.0984,-0.0795,-0.0984,-0.0795,-49.61,-0.4806,0.4788,28.02,-0.5212,0.3672,-20.69,0.000000,0.4228,-0.4467,0.0000
129.09,0.0000,0.0000,0.0000,0.0000,0.0000,0.0000,-0.0984,-0.0795,-0.0984,-0.0795,-49.61,-0.4806,0.4788,28.02,-0.5212,0.3672,-20.69,0.000000,0.4228,-0.4467,0.0000
129.29,0.0000,0.0000,0.0000,0.0000,0.0000,0.0000,-0.0984,-0.0795,-0.0984,-0.0795,-49.62,-0.4806,0.4788,28.02,-0.5212,0.3672,-20.69,0.000000,0.4228,-0.4467,0.0000
129.50,0.0000,0.0000,0.0000,0.0000,0.0000,0.0000,-0.0984,-0.0795,-0.0984,-0.0795,-49.62,-0.4806,0.4788,28.02,-0.5212,0.3672,-20.69,0.000000,0.4228,-0.4467,0.0000
129.70,0.0000,0.0000,0.0000,0.0000,0.0000,0.0000,-0.0984,-0.0795,-0.0984,-0.0795,-49.62,-0.4806,0.4788,28.02,-0.5212,0.3672,-20.69,0.000000,0.4228,-0.4467,0.0000
129.90,0.0000,0.0000,0.0000,0.0000,0.0000,0.0000,-0.0984,-0.0795,-0.0984,-0.0795,-49.62,-0.4806,0.4788,28.02,-0.5212,0.3672,-20.69,0.000000,0.4228,-0.4467,0.0000
